State,county,winner
Alabama,Jefferson,Clinton
Alabama,Mobile,Trump
Alabama,Madison,Trump
Alabama,Shelby,Trump
Alabama,Montgomery,Clinton
Alabama,Baldwin,Trump
Alabama,Tuscaloosa,Trump
Alabama,Lee,Trump
Alabama,Morgan,Trump
Alabama,Calhoun,Trump
Alabama,Etowah,Trump
Alabama,Houston,Trump
Alabama,Limestone,Trump
Alabama,Lauderdale,Trump
Alabama,St. Clair,Trump
Alabama,Cullman,Trump
Alabama,Elmore,Trump
Alabama,Marshall,Trump
Alabama,Talladega,Trump
Alabama,Walker,Trump
Alabama,DeKalb,Trump
Alabama,Blount,Trump
Alabama,Autauga,Trump
Alabama,Colbert,Trump
Alabama,Jackson,Trump
Alabama,Coffee,Trump
Alabama,Russell,Clinton
Alabama,Dallas,Clinton
Alabama,Dale,Trump
Alabama,Tallapoosa,Trump
Alabama,Chilton,Trump
Alabama,Covington,Trump
Alabama,Escambia,Trump
Alabama,Lawrence,Trump
Alabama,Chambers,Trump
Alabama,Pike,Trump
Alabama,Clarke,Trump
Alabama,Marion,Trump
Alabama,Franklin,Trump
Alabama,Geneva,Trump
Alabama,Marengo,Clinton
Alabama,Cherokee,Trump
Alabama,Barbour,Trump
Alabama,Winston,Trump
Alabama,Monroe,Trump
Alabama,Randolph,Trump
Alabama,Pickens,Trump
Alabama,Macon,Clinton
Alabama,Bibb,Trump
Alabama,Butler,Trump
Alabama,Washington,Trump
Alabama,Fayette,Trump
Alabama,Henry,Trump
Alabama,Hale,Clinton
Alabama,Choctaw,Trump
Alabama,Lamar,Trump
Alabama,Lowndes,Clinton
Alabama,Clay,Trump
Alabama,Conecuh,Trump
Alabama,Cleburne,Trump
Alabama,Sumter,Clinton
Alabama,Crenshaw,Trump
Alabama,Wilcox,Clinton
Alabama,Perry,Clinton
Alabama,Coosa,Trump
Alabama,Greene,Clinton
Alabama,Bullock,Clinton
Arizona,Maricopa,Trump
Arizona,Pima,Clinton
Arizona,Yavapai,Trump
Arizona,Pinal,Trump
Arizona,Mohave,Trump
Arizona,Coconino,Clinton
Arizona,Cochise,Trump
Arizona,Yuma,Trump
Arizona,Navajo,Trump
Arizona,Gila,Trump
Arizona,Apache,Clinton
Arizona,Graham,Trump
Arizona,Santa Cruz,Clinton
Arizona,La Paz,Trump
Arizona,Greenlee,Trump
Arkansas,Pulaski,Clinton
Arkansas,Benton,Trump
Arkansas,Washington,Trump
Arkansas,Saline,Trump
Arkansas,Faulkner,Trump
Arkansas,Sebastian,Trump
Arkansas,Garland,Trump
Arkansas,Craighead,Trump
Arkansas,White,Trump
Arkansas,Lonoke,Trump
Arkansas,Jefferson,Clinton
Arkansas,Crawford,Trump
Arkansas,Pope,Trump
Arkansas,Baxter,Trump
Arkansas,Union,Trump
Arkansas,Boone,Trump
Arkansas,Miller,Trump
Arkansas,Crittenden,Clinton
Arkansas,Greene,Trump
Arkansas,Independence,Trump
Arkansas,Mississippi,Trump
Arkansas,Cleburne,Trump
Arkansas,Hot Spring,Trump
Arkansas,Carroll,Trump
Arkansas,Ouachita,Trump
Arkansas,Johnson,Trump
Arkansas,Columbia,Trump
Arkansas,Clark,Trump
Arkansas,Polk,Trump
Arkansas,Ashley,Trump
Arkansas,Conway,Trump
Arkansas,Logan,Trump
Arkansas,Saint Francis,Clinton
Arkansas,Sharp,Trump
Arkansas,Van Buren,Trump
Arkansas,Hempstead,Trump
Arkansas,Phillips,Clinton
Arkansas,Grant,Trump
Arkansas,Cross,Trump
Arkansas,Madison,Trump
Arkansas,Marion,Trump
Arkansas,Franklin,Trump
Arkansas,Drew,Trump
Arkansas,Yell,Trump
Arkansas,Randolph,Trump
Arkansas,Arkansas,Trump
Arkansas,Clay,Trump
Arkansas,Lawrence,Trump
Arkansas,Stone,Trump
Arkansas,Izard,Trump
Arkansas,Poinsett,Trump
Arkansas,Little River,Trump
Arkansas,Jackson,Trump
Arkansas,Fulton,Trump
Arkansas,Howard,Trump
Arkansas,Sevier,Trump
Arkansas,Perry,Trump
Arkansas,Desha,Clinton
Arkansas,Chicot,Clinton
Arkansas,Pike,Trump
Arkansas,Lincoln,Trump
Arkansas,Newton,Trump
Arkansas,Searcy,Trump
Arkansas,Bradley,Trump
Arkansas,Montgomery,Trump
Arkansas,Prairie,Trump
Arkansas,Cleveland,Trump
Arkansas,Nevada,Trump
Arkansas,Scott,Trump
Arkansas,Lee,Clinton
Arkansas,Lafayette,Trump
Arkansas,Monroe,Trump
Arkansas,Dallas,Trump
Arkansas,Woodruff,Trump
Arkansas,Calhoun,Trump
California,Los Angeles,Clinton
California,Orange,Clinton
California,San Diego,Clinton
California,Riverside,Clinton
California,San Bernardino,Clinton
California,Santa Clara,Clinton
California,Alameda,Clinton
California,Sacramento,Clinton
California,Contra Costa,Clinton
California,San Francisco,Clinton
California,Ventura,Clinton
California,San Mateo,Clinton
California,Fresno,Clinton
California,Kern,Trump
California,Sonoma,Clinton
California,San Joaquin,Clinton
California,Solano,Clinton
California,Santa Barbara,Clinton
California,Stanislaus,Trump
California,Placer,Trump
California,San Luis Obispo,Clinton
California,Marin,Clinton
California,Santa Cruz,Clinton
California,Butte,Trump
California,Monterey,Clinton
California,El Dorado,Trump
California,Tulare,Trump
California,Shasta,Trump
California,Yolo,Clinton
California,Merced,Clinton
California,Madera,Trump
California,Humboldt,Clinton
California,Nevada,Clinton
California,Napa,Clinton
California,Kings,Trump
California,Imperial,Clinton
California,Sutter,Trump
California,Calaveras,Trump
California,Tuolumne,Trump
California,Tehama,Trump
California,Yuba,Trump
California,Siskiyou,Trump
California,Lake,Clinton
California,San Benito,Clinton
California,Mendocino,Clinton
California,Amador,Trump
California,Plumas,Trump
California,Lassen,Trump
California,Del Norte,Trump
California,Mariposa,Trump
California,Inyo,Trump
California,Glenn,Trump
California,Mono,Clinton
California,Colusa,Trump
California,Trinity,Trump
California,Modoc,Trump
California,Sierra,Trump
California,Alpine,Clinton
Colorado,El Paso,Trump
Colorado,Jefferson,Clinton
Colorado,Arapahoe,Clinton
Colorado,Denver,Clinton
Colorado,Larimer,Clinton
Colorado,Douglas,Trump
Colorado,Boulder,Clinton
Colorado,Adams,Clinton
Colorado,Weld,Trump
Colorado,Mesa,Trump
Colorado,Pueblo,Clinton
Colorado,Broomfield,Clinton
Colorado,La Plata,Clinton
Colorado,Garfield,Trump
Colorado,Eagle,Clinton
Colorado,Fremont,Trump
Colorado,Montrose,Trump
Colorado,Delta,Trump
Colorado,Summit,Clinton
Colorado,Elbert,Trump
Colorado,Teller,Trump
Colorado,Routt,Clinton
Colorado,Montezuma,Trump
Colorado,Morgan,Trump
Colorado,Chaffee,Trump
Colorado,Pitkin,Clinton
Colorado,Park,Trump
Colorado,Logan,Trump
Colorado,Gunnison,Clinton
Colorado,Grand,Trump
Colorado,Archuleta,Trump
Colorado,Alamosa,Clinton
Colorado,Las Animas,Trump
Colorado,Moffat,Trump
Colorado,Clear Creek,Clinton
Colorado,Rio Grande,Trump
Colorado,Otero,Trump
Colorado,Prowers,Trump
Colorado,Yuma,Trump
Colorado,San Miguel,Clinton
Colorado,Conejos,Trump
Colorado,Huerfano,Trump
Colorado,Kit Carson,Trump
Colorado,Gilpin,Clinton
Colorado,Rio Blanco,Trump
Colorado,Ouray,Clinton
Colorado,Lake,Clinton
Colorado,Custer,Trump
Colorado,Washington,Trump
Colorado,Saguache,Clinton
Colorado,Lincoln,Trump
Colorado,Phillips,Trump
Colorado,Baca,Trump
Colorado,Bent,Trump
Colorado,Costilla,Clinton
Colorado,Crowley,Trump
Colorado,Sedgwick,Trump
Colorado,Dolores,Trump
Colorado,Cheyenne,Trump
Colorado,Jackson,Trump
Colorado,Kiowa,Trump
Colorado,Mineral,Trump
Colorado,Hinsdale,Trump
Colorado,San Juan,Clinton
Delaware,New Castle,Clinton
Delaware,Sussex,Trump
Delaware,Kent,Trump
Florida,Miami-Dade,Clinton
Florida,Broward,Clinton
Florida,Palm Beach,Clinton
Florida,Hillsborough,Clinton
Florida,Orange,Clinton
Florida,Pinellas,Trump
Florida,Duval,Trump
Florida,Lee,Trump
Florida,Brevard,Trump
Florida,Polk,Trump
Florida,Volusia,Trump
Florida,Pasco,Trump
Florida,Sarasota,Trump
Florida,Seminole,Trump
Florida,Manatee,Trump
Florida,Marion,Trump
Florida,Collier,Trump
Florida,Lake,Trump
Florida,Leon,Clinton
Florida,Escambia,Trump
Florida,St. Lucie,Trump
Florida,Osceola,Clinton
Florida,St. Johns,Trump
Florida,Alachua,Clinton
Florida,Clay,Trump
Florida,Okaloosa,Trump
Florida,Charlotte,Trump
Florida,Hernando,Trump
Florida,Santa Rosa,Trump
Florida,Bay,Trump
Florida,Martin,Trump
Florida,Indian River,Trump
Florida,Citrus,Trump
Florida,Sumter,Trump
Florida,Flagler,Trump
Florida,Nassau,Trump
Florida,Highlands,Trump
Florida,Monroe,Trump
Florida,Walton,Trump
Florida,Putnam,Trump
Florida,Columbia,Trump
Florida,Gadsden,Clinton
Florida,Jackson,Trump
Florida,Levy,Trump
Florida,Suwannee,Trump
Florida,Wakulla,Trump
Florida,Okeechobee,Trump
Florida,Baker,Trump
Florida,Bradford,Trump
Florida,Washington,Trump
Florida,Hendry,Trump
Florida,DeSoto,Trump
Florida,Taylor,Trump
Florida,Holmes,Trump
Florida,Madison,Trump
Florida,Gilchrist,Trump
Florida,Jefferson,Trump
Florida,Hardee,Trump
Florida,Gulf,Trump
Florida,Dixie,Trump
Florida,Calhoun,Trump
Florida,Franklin,Trump
Florida,Union,Trump
Florida,Hamilton,Trump
Florida,Glades,Trump
Florida,Lafayette,Trump
Florida,Liberty,Trump
Georgia,Fulton,Clinton
Georgia,Cobb,Clinton
Georgia,Gwinnett,Clinton
Georgia,DeKalb,Clinton
Georgia,Cherokee,Trump
Georgia,Chatham,Clinton
Georgia,Henry,Clinton
Georgia,Forsyth,Trump
Georgia,Clayton,Clinton
Georgia,Richmond,Clinton
Georgia,Hall,Trump
Georgia,Muscogee,Clinton
Georgia,Paulding,Trump
Georgia,Columbia,Trump
Georgia,Coweta,Trump
Georgia,Fayette,Trump
Georgia,Houston,Trump
Georgia,Bibb,Clinton
Georgia,Douglas,Clinton
Georgia,Clarke,Clinton
Georgia,Newton,Clinton
Georgia,Carroll,Trump
Georgia,Walton,Trump
Georgia,Bartow,Trump
Georgia,Rockdale,Clinton
Georgia,Lowndes,Trump
Georgia,Floyd,Trump
Georgia,Glynn,Trump
Georgia,Dougherty,Clinton
Georgia,Whitfield,Trump
Georgia,Barrow,Trump
Georgia,Jackson,Trump
Georgia,Catoosa,Trump
Georgia,Spalding,Trump
Georgia,Troup,Trump
Georgia,Bulloch,Trump
Georgia,Walker,Trump
Georgia,Effingham,Trump
Georgia,Laurens,Trump
Georgia,Oconee,Trump
Georgia,Gordon,Trump
Georgia,Camden,Trump
Georgia,Thomas,Trump
Georgia,Harris,Trump
Georgia,Habersham,Trump
Georgia,Liberty,Clinton
Georgia,Baldwin,Clinton
Georgia,Bryan,Trump
Georgia,Polk,Trump
Georgia,Lee,Trump
Georgia,Pickens,Trump
Georgia,Coffee,Trump
Georgia,Colquitt,Trump
Georgia,Tift,Trump
Georgia,Gilmer,Trump
Georgia,Monroe,Trump
Georgia,Jones,Trump
Georgia,Murray,Trump
Georgia,Lumpkin,Trump
Georgia,Ware,Trump
Georgia,Union,Trump
Georgia,Madison,Trump
Georgia,White,Trump
Georgia,Fannin,Trump
Georgia,Dawson,Trump
Georgia,Haralson,Trump
Georgia,Sumter,Clinton
Georgia,Upson,Trump
Georgia,Peach,Trump
Georgia,Wayne,Trump
Georgia,Decatur,Trump
Georgia,Hart,Trump
Georgia,Stephens,Trump
Georgia,Butts,Trump
Georgia,Morgan,Trump
Georgia,Putnam,Trump
Georgia,Burke,Clinton
Georgia,McDuffie,Trump
Georgia,Grady,Trump
Georgia,Meriwether,Trump
Georgia,Toombs,Trump
Georgia,Greene,Trump
Georgia,Pike,Trump
Georgia,Franklin,Trump
Georgia,Washington,Clinton
Georgia,Worth,Trump
Georgia,Chattooga,Trump
Georgia,Rabun,Trump
Georgia,Elbert,Trump
Georgia,Mitchell,Trump
Georgia,Emanuel,Trump
Georgia,Lamar,Trump
Georgia,Crisp,Trump
Georgia,Pierce,Trump
Georgia,Appling,Trump
Georgia,Dodge,Trump
Georgia,Banks,Trump
Georgia,Jefferson,Clinton
Georgia,Tattnall,Trump
Georgia,Towns,Trump
Georgia,Oglethorpe,Trump
Georgia,Berrien,Trump
Georgia,Brantley,Trump
Georgia,Brooks,Trump
Georgia,Dade,Trump
Georgia,Cook,Trump
Georgia,Jasper,Trump
Georgia,Ben Hill,Trump
Georgia,McIntosh,Trump
Georgia,Screven,Trump
Georgia,Crawford,Trump
Georgia,Jeff Davis,Trump
Georgia,Bleckley,Trump
Georgia,Early,Trump
Georgia,Wilkes,Trump
Georgia,Macon,Clinton
Georgia,Wilkinson,Trump
Georgia,Heard,Trump
Georgia,Terrell,Clinton
Georgia,Long,Trump
Georgia,Lincoln,Trump
Georgia,Twiggs,Trump
Georgia,Bacon,Trump
Georgia,Charlton,Trump
Georgia,Dooly,Trump
Georgia,Telfair,Trump
Georgia,Candler,Trump
Georgia,Johnson,Trump
Georgia,Irwin,Trump
Georgia,Evans,Trump
Georgia,Pulaski,Trump
Georgia,Seminole,Trump
Georgia,Hancock,Clinton
Georgia,Montgomery,Trump
Georgia,Taylor,Trump
Georgia,Turner,Trump
Georgia,Talbot,Clinton
Georgia,Marion,Trump
Georgia,Jenkins,Trump
Georgia,Wilcox,Trump
Georgia,Randolph,Clinton
Georgia,Lanier,Trump
Georgia,Treutlen,Trump
Georgia,Atkinson,Trump
Georgia,Miller,Trump
Georgia,Clinch,Trump
Georgia,Warren,Clinton
Georgia,Wheeler,Trump
Georgia,Stewart,Clinton
Georgia,Calhoun,Clinton
Georgia,Schley,Trump
Georgia,Baker,Trump
Georgia,Glascock,Trump
Georgia,Chattahoochee,Trump
Georgia,Clay,Clinton
Georgia,Echols,Trump
Georgia,Webster,Trump
Georgia,Quitman,Trump
Georgia,Taliaferro,Clinton
Hawaii,Honolulu,Clinton
Hawaii,Hawaii,Clinton
Hawaii,Maui,Clinton
Hawaii,Kauai,Clinton
Idaho,Ada,Trump
Idaho,Canyon,Trump
Idaho,Kootenai,Trump
Idaho,Bonneville,Trump
Idaho,Bannock,Trump
Idaho,Twin Falls,Trump
Idaho,Latah,Clinton
Idaho,Nez Perce,Trump
Idaho,Bonner,Trump
Idaho,Bingham,Trump
Idaho,Madison,Trump
Idaho,Jefferson,Trump
Idaho,Blaine,Clinton
Idaho,Jerome,Trump
Idaho,Elmore,Trump
Idaho,Idaho County,Trump
Idaho,Cassia,Trump
Idaho,Gem,Trump
Idaho,Minidoka,Trump
Idaho,Fremont,Trump
Idaho,Payette,Trump
Idaho,Franklin,Trump
Idaho,Valley,Trump
Idaho,Gooding,Trump
Idaho,Boundary,Trump
Idaho,Shoshone,Trump
Idaho,Teton,Trump
Idaho,Washington,Trump
Idaho,Benewah,Trump
Idaho,Lemhi,Trump
Idaho,Owyhee,Trump
Idaho,Boise,Trump
Idaho,Clearwater,Trump
Idaho,Caribou,Trump
Idaho,Bear Lake,Trump
Idaho,Power,Trump
Idaho,Custer,Trump
Idaho,Adams,Trump
Idaho,Oneida,Trump
Idaho,Lincoln,Trump
Idaho,Lewis,Trump
Idaho,Butte,Trump
Idaho,Camas,Trump
Idaho,Clark,Trump
Illinois,Cook,Clinton
Illinois,DuPage,Clinton
Illinois,Lake,Clinton
Illinois,Will,Clinton
Illinois,Kane,Clinton
Illinois,McHenry,Trump
Illinois,Madison,Trump
Illinois,St. Clair,Clinton
Illinois,Winnebago,Trump
Illinois,Sangamon,Trump
Illinois,Champaign,Clinton
Illinois,McLean,Trump
Illinois,Peoria,Clinton
Illinois,Tazewell,Trump
Illinois,Rock Island,Clinton
Illinois,Kendall,Trump
Illinois,LaSalle,Trump
Illinois,Macon,Trump
Illinois,Kankakee,Trump
Illinois,DeKalb,Clinton
Illinois,Adams,Trump
Illinois,Williamson,Trump
Illinois,Vermilion,Trump
Illinois,Whiteside,Trump
Illinois,Jackson,Clinton
Illinois,Henry,Trump
Illinois,Ogle,Trump
Illinois,Grundy,Trump
Illinois,Boone,Trump
Illinois,Knox,Trump
Illinois,Macoupin,Trump
Illinois,Coles,Trump
Illinois,Stephenson,Trump
Illinois,Woodford,Trump
Illinois,Monroe,Trump
Illinois,Franklin,Trump
Illinois,Effingham,Trump
Illinois,Clinton,Trump
Illinois,Jefferson,Trump
Illinois,Marion,Trump
Illinois,Bureau,Trump
Illinois,Fulton,Trump
Illinois,Christian,Trump
Illinois,Lee,Trump
Illinois,Livingston,Trump
Illinois,Morgan,Trump
Illinois,Randolph,Trump
Illinois,Iroquois,Trump
Illinois,McDonough,Trump
Illinois,Montgomery,Trump
Illinois,Logan,Trump
Illinois,Saline,Trump
Illinois,JoDaviess,Trump
Illinois,Shelby,Trump
Illinois,Jersey,Trump
Illinois,Perry,Trump
Illinois,Fayette,Trump
Illinois,Piatt,Trump
Illinois,Union,Trump
Illinois,Crawford,Trump
Illinois,Mercer,Trump
Illinois,Wayne,Trump
Illinois,Douglas,Trump
Illinois,Clark,Trump
Illinois,Hancock,Trump
Illinois,Edgar,Trump
Illinois,Warren,Trump
Illinois,Richland,Trump
Illinois,DeWitt,Trump
Illinois,Bond,Trump
Illinois,Pike,Trump
Illinois,Washington,Trump
Illinois,Carroll,Trump
Illinois,White,Trump
Illinois,Massac,Trump
Illinois,Mason,Trump
Illinois,Menard,Trump
Illinois,Ford,Trump
Illinois,Clay,Trump
Illinois,Moultrie,Trump
Illinois,Lawrence,Trump
Illinois,Johnson,Trump
Illinois,Marshall,Trump
Illinois,Greene,Trump
Illinois,Cumberland,Trump
Illinois,Wabash,Trump
Illinois,Jasper,Trump
Illinois,Cass,Trump
Illinois,Hamilton,Trump
Illinois,Schuyler,Trump
Illinois,Henderson,Trump
Illinois,Edwards,Trump
Illinois,Putnam,Trump
Illinois,Alexander,Trump
Illinois,Stark,Trump
Illinois,Gallatin,Trump
Illinois,Scott,Trump
Illinois,Calhoun,Trump
Illinois,Pulaski,Trump
Illinois,Brown,Trump
Illinois,Hardin,Trump
Illinois,Pope,Trump
Indiana,Marion,Clinton
Indiana,Lake,Clinton
Indiana,Hamilton,Trump
Indiana,Allen,Trump
Indiana,St. Joseph,Clinton
Indiana,Porter,Trump
Indiana,Hendricks,Trump
Indiana,Vanderburgh,Trump
Indiana,Johnson,Trump
Indiana,Elkhart,Trump
Indiana,Tippecanoe,Trump
Indiana,Monroe,Clinton
Indiana,Madison,Trump
Indiana,Clark,Trump
Indiana,LaPorte,Trump
Indiana,Delaware,Trump
Indiana,Vigo,Trump
Indiana,Floyd,Trump
Indiana,Howard,Trump
Indiana,Hancock,Trump
Indiana,Bartholomew,Trump
Indiana,Boone,Trump
Indiana,Kosciusko,Trump
Indiana,Morgan,Trump
Indiana,Warrick,Trump
Indiana,Wayne,Trump
Indiana,Grant,Trump
Indiana,Dearborn,Trump
Indiana,Henry,Trump
Indiana,Dubois,Trump
Indiana,Lawrence,Trump
Indiana,Harrison,Trump
Indiana,Marshall,Trump
Indiana,Shelby,Trump
Indiana,Jackson,Trump
Indiana,Noble,Trump
Indiana,DeKalb,Trump
Indiana,Huntington,Trump
Indiana,Whitley,Trump
Indiana,Knox,Trump
Indiana,Gibson,Trump
Indiana,Montgomery,Trump
Indiana,Putnam,Trump
Indiana,Steuben,Trump
Indiana,Cass,Trump
Indiana,Greene,Trump
Indiana,Jefferson,Trump
Indiana,Miami,Trump
Indiana,Wabash,Trump
Indiana,Jasper,Trump
Indiana,Wells,Trump
Indiana,Adams,Trump
Indiana,Ripley,Trump
Indiana,Posey,Trump
Indiana,Clinton,Trump
Indiana,Washington,Trump
Indiana,Clay,Trump
Indiana,Jennings,Trump
Indiana,Decatur,Trump
Indiana,Franklin,Trump
Indiana,Daviess,Trump
Indiana,Randolph,Trump
Indiana,Spencer,Trump
Indiana,White,Trump
Indiana,LaGrange,Trump
Indiana,Fayette,Trump
Indiana,Starke,Trump
Indiana,Scott,Trump
Indiana,Carroll,Trump
Indiana,Sullivan,Trump
Indiana,Owen,Trump
Indiana,Fulton,Trump
Indiana,Orange,Trump
Indiana,Perry,Trump
Indiana,Jay,Trump
Indiana,Brown,Trump
Indiana,Tipton,Trump
Indiana,Fountain,Trump
Indiana,Rush,Trump
Indiana,Vermillion,Trump
Indiana,Parke,Trump
Indiana,Pike,Trump
Indiana,Newton,Trump
Indiana,Pulaski,Trump
Indiana,Blackford,Trump
Indiana,Martin,Trump
Indiana,Crawford,Trump
Indiana,Warren,Trump
Indiana,Benton,Trump
Indiana,Switzerland,Trump
Indiana,Union,Trump
Indiana,Ohio,Trump
Iowa,Polk,Clinton
Iowa,Linn,Clinton
Iowa,Scott,Clinton
Iowa,Johnson,Clinton
Iowa,Black Hawk,Clinton
Iowa,Dubuque,Trump
Iowa,Story,Clinton
Iowa,Woodbury,Trump
Iowa,Pottawattamie,Trump
Iowa,Dallas,Trump
Iowa,Warren,Trump
Iowa,Clinton,Trump
Iowa,Cerro Gordo,Trump
Iowa,Muscatine,Trump
Iowa,Jasper,Trump
Iowa,Des Moines,Trump
Iowa,Sioux,Trump
Iowa,Marshall,Trump
Iowa,Marion,Trump
Iowa,Webster,Trump
Iowa,Lee,Trump
Iowa,Wapello,Trump
Iowa,Boone,Trump
Iowa,Benton,Trump
Iowa,Bremer,Trump
Iowa,Plymouth,Trump
Iowa,Winneshiek,Trump
Iowa,Washington,Trump
Iowa,Mahaska,Trump
Iowa,Carroll,Trump
Iowa,Henry,Trump
Iowa,Dickinson,Trump
Iowa,Jackson,Trump
Iowa,Buchanan,Trump
Iowa,Jones,Trump
Iowa,Fayette,Trump
Iowa,Poweshiek,Trump
Iowa,Cedar,Trump
Iowa,Delaware,Trump
Iowa,Clayton,Trump
Iowa,Iowa,Trump
Iowa,Tama,Trump
Iowa,Clay,Trump
Iowa,Madison,Trump
Iowa,Kossuth,Trump
Iowa,Hardin,Trump
Iowa,Buena Vista,Trump
Iowa,Jefferson,Trump
Iowa,Floyd,Trump
Iowa,Mills,Trump
Iowa,Hamilton,Trump
Iowa,Butler,Trump
Iowa,Harrison,Trump
Iowa,O'Brien,Trump
Iowa,Cass,Trump
Iowa,Page,Trump
Iowa,Crawford,Trump
Iowa,Allamakee,Trump
Iowa,Grundy,Trump
Iowa,Chickasaw,Trump
Iowa,Lyon,Trump
Iowa,Shelby,Trump
Iowa,Cherokee,Trump
Iowa,Appanoose,Trump
Iowa,Wright,Trump
Iowa,Hancock,Trump
Iowa,Union,Trump
Iowa,Winnebago,Trump
Iowa,Guthrie,Trump
Iowa,Mitchell,Trump
Iowa,Sac,Trump
Iowa,Calhoun,Trump
Iowa,Humboldt,Trump
Iowa,Montgomery,Trump
Iowa,Louisa,Trump
Iowa,Franklin,Trump
Iowa,Keokuk,Trump
Iowa,Greene,Trump
Iowa,Emmet,Trump
Iowa,Palo Alto,Trump
Iowa,Monona,Trump
Iowa,Howard,Trump
Iowa,Clarke,Trump
Iowa,Lucas,Trump
Iowa,Worth,Trump
Iowa,Davis,Trump
Iowa,Monroe,Trump
Iowa,Pocahontas,Trump
Iowa,Adair,Trump
Iowa,Decatur,Trump
Iowa,Ida,Trump
Iowa,Fremont,Trump
Iowa,Van Buren,Trump
Iowa,Audubon,Trump
Iowa,Osceola,Trump
Iowa,Taylor,Trump
Iowa,Wayne,Trump
Iowa,Ringgold,Trump
Iowa,Adams,Trump
Kansas,Johnson,Trump
Kansas,Sedgwick,Trump
Kansas,Shawnee,Trump
Kansas,Douglas,Clinton
Kansas,Wyandotte,Clinton
Kansas,Leavenworth,Trump
Kansas,Butler,Trump
Kansas,Reno,Trump
Kansas,Saline,Trump
Kansas,Riley,Trump
Kansas,Miami,Trump
Kansas,Harvey,Trump
Kansas,Crawford,Trump
Kansas,McPherson,Trump
Kansas,Cowley,Trump
Kansas,Lyon,Trump
Kansas,Ellis,Trump
Kansas,Montgomery,Trump
Kansas,Franklin,Trump
Kansas,Pottawatomie,Trump
Kansas,Barton,Trump
Kansas,Finney,Trump
Kansas,Sumner,Trump
Kansas,Cherokee,Trump
Kansas,Jefferson,Trump
Kansas,Dickinson,Trump
Kansas,Labette,Trump
Kansas,Geary,Trump
Kansas,Ford,Trump
Kansas,Osage,Trump
Kansas,Atchison,Trump
Kansas,Neosho,Trump
Kansas,Bourbon,Trump
Kansas,Jackson,Trump
Kansas,Marion,Trump
Kansas,Allen,Trump
Kansas,Nemaha,Trump
Kansas,Seward,Trump
Kansas,Marshall,Trump
Kansas,Linn,Trump
Kansas,Coffey,Trump
Kansas,Brown,Trump
Kansas,Cloud,Trump
Kansas,Pratt,Trump
Kansas,Clay,Trump
Kansas,Rice,Trump
Kansas,Thomas,Trump
Kansas,Wilson,Trump
Kansas,Doniphan,Trump
Kansas,Wabaunsee,Trump
Kansas,Kingman,Trump
Kansas,Anderson,Trump
Kansas,Russell,Trump
Kansas,Ottawa,Trump
Kansas,Mitchell,Trump
Kansas,Greenwood,Trump
Kansas,Washington,Trump
Kansas,Ellsworth,Trump
Kansas,Phillips,Trump
Kansas,Pawnee,Trump
Kansas,Morris,Trump
Kansas,Sherman,Trump
Kansas,Harper,Trump
Kansas,Republic,Trump
Kansas,Rooks,Trump
Kansas,Grant,Trump
Kansas,Barber,Trump
Kansas,Norton,Trump
Kansas,Scott,Trump
Kansas,Smith,Trump
Kansas,Gray,Trump
Kansas,Stafford,Trump
Kansas,Stevens,Trump
Kansas,Chautauqua,Trump
Kansas,Osborne,Trump
Kansas,Meade,Trump
Kansas,Jewell,Trump
Kansas,Rush,Trump
Kansas,Decatur,Trump
Kansas,Trego,Trump
Kansas,Lincoln,Trump
Kansas,Rawlins,Trump
Kansas,Ness,Trump
Kansas,Woodson,Trump
Kansas,Cheyenne,Trump
Kansas,Sheridan,Trump
Kansas,Logan,Trump
Kansas,Chase,Trump
Kansas,Gove,Trump
Kansas,Kearny,Trump
Kansas,Edwards,Trump
Kansas,Haskell,Trump
Kansas,Graham,Trump
Kansas,Elk,Trump
Kansas,Morton,Trump
Kansas,Kiowa,Trump
Kansas,Hodgeman,Trump
Kansas,Clark,Trump
Kansas,Wichita,Trump
Kansas,Comanche,Trump
Kansas,Hamilton,Trump
Kansas,Lane,Trump
Kansas,Wallace,Trump
Kansas,Stanton,Trump
Kansas,Greeley,Trump
Kentucky,Jefferson,Clinton
Kentucky,Fayette,Clinton
Kentucky,Kenton,Trump
Kentucky,Boone,Trump
Kentucky,Warren,Trump
Kentucky,Daviess,Trump
Kentucky,Hardin,Trump
Kentucky,Campbell,Trump
Kentucky,Madison,Trump
Kentucky,Bullitt,Trump
Kentucky,Oldham,Trump
Kentucky,McCracken,Trump
Kentucky,Pulaski,Trump
Kentucky,Laurel,Trump
Kentucky,Pike,Trump
Kentucky,Scott,Trump
Kentucky,Franklin,Trump
Kentucky,Jessamine,Trump
Kentucky,Christian,Trump
Kentucky,Nelson,Trump
Kentucky,Shelby,Trump
Kentucky,Boyd,Trump
Kentucky,Hopkins,Trump
Kentucky,Henderson,Trump
Kentucky,Barren,Trump
Kentucky,Marshall,Trump
Kentucky,Graves,Trump
Kentucky,Floyd,Trump
Kentucky,Greenup,Trump
Kentucky,Clark,Trump
Kentucky,Calloway,Trump
Kentucky,Whitley,Trump
Kentucky,Woodford,Trump
Kentucky,Muhlenberg,Trump
Kentucky,Boyle,Trump
Kentucky,Meade,Trump
Kentucky,Knox,Trump
Kentucky,Montgomery,Trump
Kentucky,Anderson,Trump
Kentucky,Taylor,Trump
Kentucky,Logan,Trump
Kentucky,Harlan,Trump
Kentucky,Mercer,Trump
Kentucky,Grayson,Trump
Kentucky,Perry,Trump
Kentucky,Ohio,Trump
Kentucky,Carter,Trump
Kentucky,Bell,Trump
Kentucky,Johnson,Trump
Kentucky,Lincoln,Trump
Kentucky,Grant,Trump
Kentucky,Spencer,Trump
Kentucky,Letcher,Trump
Kentucky,Rowan,Trump
Kentucky,Bourbon,Trump
Kentucky,Breckinridge,Trump
Kentucky,Adair,Trump
Kentucky,Russell,Trump
Kentucky,Marion,Trump
Kentucky,Allen,Trump
Kentucky,Wayne,Trump
Kentucky,Harrison,Trump
Kentucky,Garrard,Trump
Kentucky,Simpson,Trump
Kentucky,Hart,Trump
Kentucky,Mason,Trump
Kentucky,Henry,Trump
Kentucky,Clay,Trump
Kentucky,Trigg,Trump
Kentucky,Rockcastle,Trump
Kentucky,Casey,Trump
Kentucky,LaRue,Trump
Kentucky,Fleming,Trump
Kentucky,Union,Trump
Kentucky,Lawrence,Trump
Kentucky,Pendleton,Trump
Kentucky,Caldwell,Trump
Kentucky,Webster,Trump
Kentucky,McCreary,Trump
Kentucky,Knott,Trump
Kentucky,Breathitt,Trump
Kentucky,Washington,Trump
Kentucky,Butler,Trump
Kentucky,Estill,Trump
Kentucky,Jackson,Trump
Kentucky,Green,Trump
Kentucky,Lewis,Trump
Kentucky,Edmonson,Trump
Kentucky,Magoffin,Trump
Kentucky,Owen,Trump
Kentucky,Monroe,Trump
Kentucky,Powell,Trump
Kentucky,Todd,Trump
Kentucky,Morgan,Trump
Kentucky,Livingston,Trump
Kentucky,Metcalfe,Trump
Kentucky,Bath,Trump
Kentucky,McLean,Trump
Kentucky,Leslie,Trump
Kentucky,Clinton,Trump
Kentucky,Hancock,Trump
Kentucky,Ballard,Trump
Kentucky,Crittenden,Trump
Kentucky,Lyon,Trump
Kentucky,Martin,Trump
Kentucky,Carroll,Trump
Kentucky,Trimble,Trump
Kentucky,Bracken,Trump
Kentucky,Gallatin,Trump
Kentucky,Cumberland,Trump
Kentucky,Elliott,Trump
Kentucky,Nicholas,Trump
Kentucky,Menifee,Trump
Kentucky,Lee,Trump
Kentucky,Wolfe,Trump
Kentucky,Carlisle,Trump
Kentucky,Fulton,Trump
Kentucky,Hickman,Trump
Kentucky,Owsley,Trump
Kentucky,Robertson,Trump
Louisiana,East Baton Rouge,Clinton
Louisiana,Jefferson,Trump
Louisiana,Orleans,Clinton
Louisiana,St. Tammany,Trump
Louisiana,Caddo,Clinton
Louisiana,Lafayette,Trump
Louisiana,Calcasieu,Trump
Louisiana,Ouachita,Trump
Louisiana,Livingston,Trump
Louisiana,Rapides,Trump
Louisiana,Ascension,Trump
Louisiana,Tangipahoa,Trump
Louisiana,Bossier,Trump
Louisiana,Terrebonne,Trump
Louisiana,Lafourche,Trump
Louisiana,St. Landry,Trump
Louisiana,Iberia,Trump
Louisiana,Acadia,Trump
Louisiana,St. Charles,Trump
Louisiana,St. Martin,Trump
Louisiana,Vermilion,Trump
Louisiana,St. Mary,Trump
Louisiana,St. John the Baptist,Clinton
Louisiana,Lincoln,Trump
Louisiana,Washington,Trump
Louisiana,Webster,Trump
Louisiana,Vernon,Trump
Louisiana,Natchitoches,Trump
Louisiana,Avoyelles,Trump
Louisiana,Iberville,Clinton
Louisiana,St. Bernard,Trump
Louisiana,Beauregard,Trump
Louisiana,Evangeline,Trump
Louisiana,Jeff Davis,Trump
Louisiana,DeSoto,Trump
Louisiana,West Baton Rouge,Trump
Louisiana,St. James,Clinton
Louisiana,Morehouse,Trump
Louisiana,Pointe Coupee,Trump
Louisiana,Assumption,Trump
Louisiana,Union,Trump
Louisiana,Plaquemines,Trump
Louisiana,East Feliciana,Trump
Louisiana,Sabine,Trump
Louisiana,Richland,Trump
Louisiana,Allen,Trump
Louisiana,Franklin,Trump
Louisiana,Concordia,Trump
Louisiana,Grant,Trump
Louisiana,Jackson,Trump
Louisiana,Bienville,Trump
Louisiana,LaSalle,Trump
Louisiana,Claiborne,Trump
Louisiana,Winn,Trump
Louisiana,St. Helena,Clinton
Louisiana,West Feliciana,Trump
Louisiana,Catahoula,Trump
Louisiana,West Carroll,Trump
Louisiana,Madison,Clinton
Louisiana,Caldwell,Trump
Louisiana,Red River,Trump
Louisiana,Cameron,Trump
Louisiana,East Carroll,Clinton
Louisiana,Tensas,Clinton
Maryland,Montgomery,Clinton
Maryland,Prince George's,Clinton
Maryland,Baltimore,Clinton
Maryland,Anne Arundel,Clinton
Maryland,Baltimore City,Clinton
Maryland,Howard,Clinton
Maryland,Harford,Trump
Maryland,Frederick,Trump
Maryland,Carroll,Trump
Maryland,Charles,Clinton
Maryland,Washington,Trump
Maryland,St. Mary's,Trump
Maryland,Calvert,Trump
Maryland,Cecil,Trump
Maryland,Wicomico,Trump
Maryland,Allegany,Trump
Maryland,Worcester,Trump
Maryland,Queen Anne's,Trump
Maryland,Talbot,Trump
Maryland,Dorchester,Trump
Maryland,Caroline,Trump
Maryland,Garrett,Trump
Maryland,Kent,Trump
Maryland,Somerset,Trump
Michigan,Wayne,Clinton
Michigan,Oakland,Clinton
Michigan,Macomb,Trump
Michigan,Kent,Trump
Michigan,Genesee,Clinton
Michigan,Washtenaw,Clinton
Michigan,Ottawa,Trump
Michigan,Ingham,Clinton
Michigan,Kalamazoo,Clinton
Michigan,Livingston,Trump
Michigan,Saginaw,Trump
Michigan,St. Clair,Trump
Michigan,Muskegon,Clinton
Michigan,Monroe,Trump
Michigan,Berrien,Trump
Michigan,Jackson,Trump
Michigan,Calhoun,Trump
Michigan,Eaton,Trump
Michigan,Allegan,Trump
Michigan,Bay,Trump
Michigan,Grand Traverse,Trump
Michigan,Lenawee,Trump
Michigan,Lapeer,Trump
Michigan,Midland,Trump
Michigan,Clinton,Trump
Michigan,Shiawassee,Trump
Michigan,Van Buren,Trump
Michigan,Marquette,Clinton
Michigan,Barry,Trump
Michigan,Montcalm,Trump
Michigan,Ionia,Trump
Michigan,Tuscola,Trump
Michigan,Isabella,Trump
Michigan,St. Joseph,Trump
Michigan,Cass,Trump
Michigan,Newaygo,Trump
Michigan,Hillsdale,Trump
Michigan,Sanilac,Trump
Michigan,Emmet,Trump
Michigan,Delta,Trump
Michigan,Mecosta,Trump
Michigan,Branch,Trump
Michigan,Gratiot,Trump
Michigan,Huron,Trump
Michigan,Houghton,Trump
Michigan,Chippewa,Trump
Michigan,Wexford,Trump
Michigan,Leelanau,Trump
Michigan,Alpena,Trump
Michigan,Mason,Trump
Michigan,Charlevoix,Trump
Michigan,Cheboygan,Trump
Michigan,Antrim,Trump
Michigan,Clare,Trump
Michigan,Iosco,Trump
Michigan,Dickinson,Trump
Michigan,Roscommon,Trump
Michigan,Manistee,Trump
Michigan,Otsego,Trump
Michigan,Gladwin,Trump
Michigan,Oceana,Trump
Michigan,Menominee,Trump
Michigan,Osceola,Trump
Michigan,Ogemaw,Trump
Michigan,Benzie,Trump
Michigan,Kalkaska,Trump
Michigan,Arenac,Trump
Michigan,Gogebic,Trump
Michigan,Missaukee,Trump
Michigan,Presque Isle,Trump
Michigan,Crawford,Trump
Michigan,Alcona,Trump
Michigan,Mackinac,Trump
Michigan,Iron,Trump
Michigan,Lake,Trump
Michigan,Montmorency,Trump
Michigan,Alger,Trump
Michigan,Schoolcraft,Trump
Michigan,Oscoda,Trump
Michigan,Baraga,Trump
Michigan,Ontonagon,Trump
Michigan,Luce,Trump
Michigan,Keweenaw,Trump
Minnesota,Hennepin,Clinton
Minnesota,Ramsey,Clinton
Minnesota,Dakota,Clinton
Minnesota,Anoka,Trump
Minnesota,Washington,Clinton
Minnesota,St. Louis,Clinton
Minnesota,Olmsted,Clinton
Minnesota,Stearns,Trump
Minnesota,Scott,Trump
Minnesota,Wright,Trump
Minnesota,Carver,Trump
Minnesota,Sherburne,Trump
Minnesota,Crow Wing,Trump
Minnesota,Blue Earth,Trump
Minnesota,Otter Tail,Trump
Minnesota,Rice,Trump
Minnesota,Chisago,Trump
Minnesota,Clay,Trump
Minnesota,Winona,Trump
Minnesota,Goodhue,Trump
Minnesota,Itasca,Trump
Minnesota,Kandiyohi,Trump
Minnesota,Douglas,Trump
Minnesota,Beltrami,Trump
Minnesota,Isanti,Trump
Minnesota,Benton,Trump
Minnesota,Steele,Trump
Minnesota,McLeod,Trump
Minnesota,Carlton,Clinton
Minnesota,Nicollet,Trump
Minnesota,Mower,Trump
Minnesota,Morrison,Trump
Minnesota,Becker,Trump
Minnesota,Freeborn,Trump
Minnesota,Cass,Trump
Minnesota,Le Sueur,Trump
Minnesota,Polk,Trump
Minnesota,Pine,Trump
Minnesota,Brown,Trump
Minnesota,Mille Lacs,Trump
Minnesota,Meeker,Trump
Minnesota,Lyon,Trump
Minnesota,Todd,Trump
Minnesota,Wabasha,Trump
Minnesota,Hubbard,Trump
Minnesota,Fillmore,Trump
Minnesota,Dodge,Trump
Minnesota,Houston,Trump
Minnesota,Martin,Trump
Minnesota,Waseca,Trump
Minnesota,Aitkin,Trump
Minnesota,Nobles,Trump
Minnesota,Kanabec,Trump
Minnesota,Roseau,Trump
Minnesota,Sibley,Trump
Minnesota,Redwood,Trump
Minnesota,Renville,Trump
Minnesota,Faribault,Trump
Minnesota,Wadena,Trump
Minnesota,Pennington,Trump
Minnesota,Lake,Clinton
Minnesota,Koochiching,Trump
Minnesota,Pope,Trump
Minnesota,Chippewa,Trump
Minnesota,Cottonwood,Trump
Minnesota,Jackson,Trump
Minnesota,Stevens,Trump
Minnesota,Yellow Medicine,Trump
Minnesota,Watonwan,Trump
Minnesota,Swift,Trump
Minnesota,Rock,Trump
Minnesota,Marshall,Trump
Minnesota,Pipestone,Trump
Minnesota,Murray,Trump
Minnesota,Clearwater,Trump
Minnesota,Lac Qui Parle,Trump
Minnesota,Grant,Trump
Minnesota,Cook,Clinton
Minnesota,Wilkin,Trump
Minnesota,Norman,Trump
Minnesota,Lincoln,Trump
Minnesota,Big Stone,Trump
Minnesota,Kittson,Trump
Minnesota,Lake of the Woods,Trump
Minnesota,Mahnomen,Trump
Minnesota,Red Lake,Trump
Minnesota,Traverse,Trump
Mississippi,Hinds,Clinton
Mississippi,DeSoto,Trump
Mississippi,Harrison,Trump
Mississippi,Rankin,Trump
Mississippi,Jackson,Trump
Mississippi,Madison,Trump
Mississippi,Lee,Trump
Mississippi,Lauderdale,Trump
Mississippi,Jones,Trump
Mississippi,Forrest,Trump
Mississippi,Lowndes,Trump
Mississippi,Lamar,Trump
Mississippi,Lafayette,Trump
Mississippi,Pearl River,Trump
Mississippi,Warren,Trump
Mississippi,Hancock,Trump
Mississippi,Oktibbeha,Clinton
Mississippi,Monroe,Trump
Mississippi,Pike,Trump
Mississippi,Lincoln,Trump
Mississippi,Panola,Trump
Mississippi,Alcorn,Trump
Mississippi,Marshall,Clinton
Mississippi,Washington,Clinton
Mississippi,Bolivar,Clinton
Mississippi,Adams,Clinton
Mississippi,Copiah,Clinton
Mississippi,Pontotoc,Trump
Mississippi,Marion,Trump
Mississippi,Simpson,Trump
Mississippi,Tate,Trump
Mississippi,Union,Trump
Mississippi,Grenada,Trump
Mississippi,Neshoba,Trump
Mississippi,Clay,Clinton
Mississippi,Yazoo,Clinton
Mississippi,Prentiss,Trump
Mississippi,Scott,Trump
Mississippi,George,Trump
Mississippi,Itawamba,Trump
Mississippi,Leflore,Clinton
Mississippi,Wayne,Trump
Mississippi,Sunflower,Clinton
Mississippi,Tippah,Trump
Mississippi,Coahoma,Clinton
Mississippi,Covington,Trump
Mississippi,Winston,Trump
Mississippi,Newton,Trump
Mississippi,Jasper,Clinton
Mississippi,Leake,Trump
Mississippi,Tishomingo,Trump
Mississippi,Chickasaw,Trump
Mississippi,Clarke,Trump
Mississippi,Smith,Trump
Mississippi,Attala,Trump
Mississippi,Holmes,Clinton
Mississippi,Amite,Trump
Mississippi,Stone,Trump
Mississippi,Calhoun,Trump
Mississippi,Lawrence,Trump
Mississippi,Jeff Davis,Clinton
Mississippi,Yalobusha,Trump
Mississippi,Walthall,Trump
Mississippi,Tallahatchie,Clinton
Mississippi,Noxubee,Clinton
Mississippi,Carroll,Trump
Mississippi,Perry,Trump
Mississippi,Greene,Trump
Mississippi,Webster,Trump
Mississippi,Kemper,Clinton
Mississippi,Franklin,Trump
Mississippi,Wilkinson,Clinton
Mississippi,Montgomery,Trump
Mississippi,Choctaw,Trump
Mississippi,Benton,Trump
Mississippi,Jefferson,Clinton
Mississippi,Humphreys,Clinton
Mississippi,Tunica,Clinton
Mississippi,Quitman,Clinton
Mississippi,Claiborne,Clinton
Mississippi,Sharkey,Clinton
Mississippi,Issaquena,Clinton
Missouri,St. Louis County,Clinton
Missouri,Jackson,Clinton
Missouri,St. Charles,Trump
Missouri,Greene,Trump
Missouri,St. Louis City,Clinton
Missouri,Clay,Trump
Missouri,Jefferson,Trump
Missouri,Boone,Clinton
Missouri,Cass,Trump
Missouri,Franklin,Trump
Missouri,Jasper,Trump
Missouri,Platte,Trump
Missouri,Christian,Trump
Missouri,Cole,Trump
Missouri,Cape Girardeau,Trump
Missouri,Buchanan,Trump
Missouri,Newton,Trump
Missouri,Lincoln,Trump
Missouri,St. Francois,Trump
Missouri,Taney,Trump
Missouri,Camden,Trump
Missouri,Johnson,Trump
Missouri,Callaway,Trump
Missouri,Phelps,Trump
Missouri,Pettis,Trump
Missouri,Howell,Trump
Missouri,Scott,Trump
Missouri,Butler,Trump
Missouri,Pulaski,Trump
Missouri,Webster,Trump
Missouri,Lawrence,Trump
Missouri,Stone,Trump
Missouri,LaClede,Trump
Missouri,Lafayette,Trump
Missouri,Warren,Trump
Missouri,Barry,Trump
Missouri,Polk,Trump
Missouri,Stoddard,Trump
Missouri,Marion,Trump
Missouri,Miller,Trump
Missouri,Texas,Trump
Missouri,Ray,Trump
Missouri,Dunklin,Trump
Missouri,Randolph,Trump
Missouri,Clinton,Trump
Missouri,Adair,Trump
Missouri,Audrain,Trump
Missouri,Crawford,Trump
Missouri,Henry,Trump
Missouri,Benton,Trump
Missouri,Nodaway,Trump
Missouri,Washington,Trump
Missouri,Saline,Trump
Missouri,Andrew,Trump
Missouri,Morgan,Trump
Missouri,Perry,Trump
Missouri,Vernon,Trump
Missouri,Ste. Genevieve,Trump
Missouri,McDonald,Trump
Missouri,Wright,Trump
Missouri,Bates,Trump
Missouri,Cooper,Trump
Missouri,Macon,Trump
Missouri,Gasconade,Trump
Missouri,Dallas,Trump
Missouri,Pike,Trump
Missouri,New Madrid,Trump
Missouri,Osage,Trump
Missouri,Moniteau,Trump
Missouri,Dent,Trump
Missouri,Douglas,Trump
Missouri,Livingston,Trump
Missouri,Cedar,Trump
Missouri,Pemiscot,Trump
Missouri,Barton,Trump
Missouri,Wayne,Trump
Missouri,Bollinger,Trump
Missouri,Linn,Trump
Missouri,Ripley,Trump
Missouri,Montgomery,Trump
Missouri,Madison,Trump
Missouri,Ralls,Trump
Missouri,Mississippi,Trump
Missouri,Howard,Trump
Missouri,Hickory,Trump
Missouri,Oregon,Trump
Missouri,St. Clair,Trump
Missouri,DeKalb,Trump
Missouri,Ozark,Trump
Missouri,Maries,Trump
Missouri,Lewis,Trump
Missouri,Grundy,Trump
Missouri,Carroll,Trump
Missouri,Caldwell,Trump
Missouri,Iron,Trump
Missouri,Monroe,Trump
Missouri,Chariton,Trump
Missouri,Dade,Trump
Missouri,Shannon,Trump
Missouri,Daviess,Trump
Missouri,Harrison,Trump
Missouri,Clark,Trump
Missouri,Shelby,Trump
Missouri,Gentry,Trump
Missouri,Reynolds,Trump
Missouri,Carter,Trump
Missouri,Atchison,Trump
Missouri,Sullivan,Trump
Missouri,Holt,Trump
Missouri,Putnam,Trump
Missouri,Scotland,Trump
Missouri,Schuyler,Trump
Missouri,Knox,Trump
Missouri,Mercer,Trump
Missouri,Worth,Trump
Montana,Yellowstone,Trump
Montana,Missoula,Clinton
Montana,Gallatin,Clinton
Montana,Flathead,Trump
Montana,Cascade,Trump
Montana,Lewis and Clark,Trump
Montana,Ravalli,Trump
Montana,Silver Bow,Clinton
Montana,Lake,Trump
Montana,Lincoln,Trump
Montana,Park,Trump
Montana,Jefferson,Trump
Montana,Hill,Trump
Montana,Carbon,Trump
Montana,Sanders,Trump
Montana,Fergus,Trump
Montana,Custer,Trump
Montana,Glacier,Clinton
Montana,Stillwater,Trump
Montana,Richland,Trump
Montana,Madison,Trump
Montana,Beaverhead,Trump
Montana,Dawson,Trump
Montana,Big Horn,Clinton
Montana,Deer Lodge,Clinton
Montana,Valley,Trump
Montana,Roosevelt,Trump
Montana,Rosebud,Trump
Montana,Teton,Trump
Montana,Broadwater,Trump
Montana,Powell,Trump
Montana,Pondera,Trump
Montana,Blaine,Trump
Montana,Chouteau,Trump
Montana,Musselshell,Trump
Montana,Phillips,Trump
Montana,Sweet Grass,Trump
Montana,Toole,Trump
Montana,Mineral,Trump
Montana,Sheridan,Trump
Montana,Granite,Trump
Montana,Fallon,Trump
Montana,Judith Basin,Trump
Montana,McCone,Trump
Montana,Powder River,Trump
Montana,Meagher,Trump
Montana,Daniels,Trump
Montana,Liberty,Trump
Montana,Wheatland,Trump
Montana,Carter,Trump
Montana,Garfield,Trump
Montana,Prairie,Trump
Montana,Wibaux,Trump
Montana,Golden Valley,Trump
Montana,Treasure,Trump
Montana,Petroleum,Trump
Nebraska,Douglas,Clinton
Nebraska,Lancaster,Clinton
Nebraska,Sarpy,Trump
Nebraska,Hall,Trump
Nebraska,Buffalo,Trump
Nebraska,Lincoln,Trump
Nebraska,Dodge,Trump
Nebraska,Platte,Trump
Nebraska,Madison,Trump
Nebraska,Scotts Bluff,Trump
Nebraska,Adams,Trump
Nebraska,Cass,Trump
Nebraska,Saunders,Trump
Nebraska,Washington,Trump
Nebraska,Gage,Trump
Nebraska,Dawson,Trump
Nebraska,Seward,Trump
Nebraska,Otoe,Trump
Nebraska,Dakota,Trump
Nebraska,York,Trump
Nebraska,Custer,Trump
Nebraska,Red Willow,Trump
Nebraska,Holt,Trump
Nebraska,Hamilton,Trump
Nebraska,Saline,Trump
Nebraska,Box Butte,Trump
Nebraska,Phelps,Trump
Nebraska,Cheyenne,Trump
Nebraska,Cedar,Trump
Nebraska,Knox,Trump
Nebraska,Cuming,Trump
Nebraska,Keith,Trump
Nebraska,Butler,Trump
Nebraska,Wayne,Trump
Nebraska,Merrick,Trump
Nebraska,Richardson,Trump
Nebraska,Pierce,Trump
Nebraska,Dawes,Trump
Nebraska,Burt,Trump
Nebraska,Jefferson,Trump
Nebraska,Kearney,Trump
Nebraska,Antelope,Trump
Nebraska,Colfax,Trump
Nebraska,Cherry,Trump
Nebraska,Nemaha,Trump
Nebraska,Clay,Trump
Nebraska,Howard,Trump
Nebraska,Fillmore,Trump
Nebraska,Boone,Trump
Nebraska,Stanton,Trump
Nebraska,Dixon,Trump
Nebraska,Thayer,Trump
Nebraska,Sheridan,Trump
Nebraska,Polk,Trump
Nebraska,Furnas,Trump
Nebraska,Valley,Trump
Nebraska,Morrill,Trump
Nebraska,Nuckolls,Trump
Nebraska,Johnson,Trump
Nebraska,Thurston,Trump
Nebraska,Chase,Trump
Nebraska,Webster,Trump
Nebraska,Franklin,Trump
Nebraska,Kimball,Trump
Nebraska,Nance,Trump
Nebraska,Harlan,Trump
Nebraska,Brown,Trump
Nebraska,Sherman,Trump
Nebraska,Hitchcock,Trump
Nebraska,Perkins,Trump
Nebraska,Pawnee,Trump
Nebraska,Frontier,Trump
Nebraska,Greeley,Trump
Nebraska,Boyd,Trump
Nebraska,Garden,Trump
Nebraska,Gosper,Trump
Nebraska,Deuel,Trump
Nebraska,Garfield,Trump
Nebraska,Dundy,Trump
Nebraska,Rock,Trump
Nebraska,Sioux,Trump
Nebraska,Keya Paha,Trump
Nebraska,Hayes,Trump
Nebraska,Wheeler,Trump
Nebraska,Logan,Trump
Nebraska,Hooker,Trump
Nebraska,Grant,Trump
Nebraska,Banner,Trump
Nebraska,Thomas,Trump
Nebraska,Loup,Trump
Nebraska,Blaine,Trump
Nebraska,McPherson,Trump
Nebraska,Arthur,Trump
Nevada,Clark,Clinton
Nevada,Washoe,Clinton
Nevada,Douglas,Trump
Nevada,Carson City,Trump
Nevada,Lyon,Trump
Nevada,Nye,Trump
Nevada,Elko,Trump
Nevada,Churchill,Trump
Nevada,Humboldt,Trump
Nevada,White Pine,Trump
Nevada,Storey,Trump
Nevada,Lander,Trump
Nevada,Lincoln,Trump
Nevada,Mineral,Trump
Nevada,Pershing,Trump
Nevada,Eureka,Trump
Nevada,Esmeralda,Trump
New Jersey,Bergen,Clinton
New Jersey,Monmouth,Trump
New Jersey,Essex,Clinton
New Jersey,Middlesex,Clinton
New Jersey,Ocean,Trump
New Jersey,Morris,Trump
New Jersey,Hudson,Clinton
New Jersey,Union,Clinton
New Jersey,Burlington,Clinton
New Jersey,Passaic,Clinton
New Jersey,Camden,Clinton
New Jersey,Somerset,Clinton
New Jersey,Mercer,Clinton
New Jersey,Gloucester,Trump
New Jersey,Atlantic,Clinton
New Jersey,Sussex,Trump
New Jersey,Hunterdon,Trump
New Jersey,Cumberland,Clinton
New Jersey,Warren,Trump
New Jersey,Cape May,Trump
New Jersey,Salem,Trump
New Mexico,Bernalillo,Clinton
New Mexico,Santa Fe,Clinton
New Mexico,Dona Ana,Clinton
New Mexico,Sandoval,Clinton
New Mexico,San Juan,Trump
New Mexico,Valencia,Trump
New Mexico,McKinley,Clinton
New Mexico,Chaves,Trump
New Mexico,Otero,Trump
New Mexico,Eddy,Trump
New Mexico,Lea,Trump
New Mexico,Taos,Clinton
New Mexico,Rio Arriba,Clinton
New Mexico,Grant,Clinton
New Mexico,Curry,Trump
New Mexico,Los Alamos,Clinton
New Mexico,San Miguel,Clinton
New Mexico,Lincoln,Trump
New Mexico,Cibola,Clinton
New Mexico,Luna,Trump
New Mexico,Socorro,Clinton
New Mexico,Torrance,Trump
New Mexico,Roosevelt,Trump
New Mexico,Colfax,Trump
New Mexico,Sierra,Trump
New Mexico,Quay,Trump
New Mexico,Mora,Clinton
New Mexico,Catron,Trump
New Mexico,Hidalgo,Trump
New Mexico,Guadalupe,Clinton
New Mexico,Union,Trump
New Mexico,DeBaca,Trump
New Mexico,Harding,Trump
New York,Brooklyn,Clinton
New York,Queens,Clinton
New York,Suffolk,Trump
New York,Manhattan,Clinton
New York,Nassau,Clinton
New York,Erie,Clinton
New York,Westchester,Clinton
New York,Bronx,Clinton
New York,Monroe,Clinton
New York,Onondaga,Clinton
New York,Staten Island,Trump
New York,Orange,Trump
New York,Albany,Clinton
New York,Rockland,Clinton
New York,Dutchess,Trump
New York,Saratoga,Trump
New York,Niagara,Trump
New York,Oneida,Trump
New York,Broome,Trump
New York,Ulster,Clinton
New York,Rensselaer,Trump
New York,Schenectady,Clinton
New York,Chautauqua,Trump
New York,Ontario,Trump
New York,Putnam,Trump
New York,Oswego,Trump
New York,Steuben,Trump
New York,Tompkins,Clinton
New York,Wayne,Trump
New York,Saint Lawrence,Trump
New York,Jefferson,Trump
New York,Chemung,Trump
New York,Cayuga,Trump
New York,Livingston,Trump
New York,Cattaraugus,Trump
New York,Clinton,Clinton
New York,Warren,Trump
New York,Madison,Trump
New York,Columbia,Clinton
New York,Sullivan,Trump
New York,Genesee,Trump
New York,Herkimer,Trump
New York,Otsego,Trump
New York,Washington,Trump
New York,Tioga,Trump
New York,Fulton,Trump
New York,Greene,Trump
New York,Cortland,Trump
New York,Chenango,Trump
New York,Delaware,Trump
New York,Montgomery,Trump
New York,Allegany,Trump
New York,Orleans,Trump
New York,Wyoming,Trump
New York,Franklin,Trump
New York,Essex,Trump
New York,Seneca,Trump
New York,Schoharie,Trump
New York,Lewis,Trump
New York,Yates,Trump
New York,Schuyler,Trump
New York,Hamilton,Trump
North Carolina,Wake,Clinton
North Carolina,Mecklenburg,Clinton
North Carolina,Guilford,Clinton
North Carolina,Forsyth,Clinton
North Carolina,Durham,Clinton
North Carolina,Buncombe,Clinton
North Carolina,Cumberland,Clinton
North Carolina,New Hanover,Trump
North Carolina,Union,Trump
North Carolina,Gaston,Trump
North Carolina,Cabarrus,Trump
North Carolina,Johnston,Trump
North Carolina,Iredell,Trump
North Carolina,Orange,Clinton
North Carolina,Pitt,Clinton
North Carolina,Davidson,Trump
North Carolina,Catawba,Trump
North Carolina,Alamance,Trump
North Carolina,Brunswick,Trump
North Carolina,Randolph,Trump
North Carolina,Rowan,Trump
North Carolina,Henderson,Trump
North Carolina,Onslow,Trump
North Carolina,Wayne,Trump
North Carolina,Moore,Trump
North Carolina,Nash,Trump
North Carolina,Craven,Trump
North Carolina,Harnett,Trump
North Carolina,Cleveland,Trump
North Carolina,Rockingham,Trump
North Carolina,Robeson,Trump
North Carolina,Lincoln,Trump
North Carolina,Chatham,Clinton
North Carolina,Burke,Trump
North Carolina,Wilson,Clinton
North Carolina,Carteret,Trump
North Carolina,Caldwell,Trump
North Carolina,Surry,Trump
North Carolina,Wilkes,Trump
North Carolina,Haywood,Trump
North Carolina,Franklin,Trump
North Carolina,Rutherford,Trump
North Carolina,Stanly,Trump
North Carolina,Watauga,Clinton
North Carolina,Pender,Trump
North Carolina,Granville,Trump
North Carolina,Sampson,Trump
North Carolina,Lenoir,Trump
North Carolina,Halifax,Clinton
North Carolina,Lee,Trump
North Carolina,Edgecombe,Clinton
North Carolina,Beaufort,Trump
North Carolina,Columbus,Trump
North Carolina,Stokes,Trump
North Carolina,Davie,Trump
North Carolina,Duplin,Trump
North Carolina,Vance,Clinton
North Carolina,McDowell,Trump
North Carolina,Person,Trump
North Carolina,Dare,Trump
North Carolina,Richmond,Trump
North Carolina,Alexander,Trump
North Carolina,Jackson,Trump
North Carolina,Hoke,Clinton
North Carolina,Transylvania,Trump
North Carolina,Yadkin,Trump
North Carolina,Macon,Trump
North Carolina,Pasquotank,Clinton
North Carolina,Bladen,Trump
North Carolina,Cherokee,Trump
North Carolina,Scotland,Clinton
North Carolina,Ashe,Trump
North Carolina,Currituck,Trump
North Carolina,Martin,Trump
North Carolina,Montgomery,Trump
North Carolina,Madison,Trump
North Carolina,Polk,Trump
North Carolina,Caswell,Trump
North Carolina,Anson,Clinton
North Carolina,Warren,Clinton
North Carolina,Hertford,Clinton
North Carolina,Yancey,Trump
North Carolina,Northampton,Clinton
North Carolina,Bertie,Clinton
North Carolina,Avery,Trump
North Carolina,Greene,Trump
North Carolina,Mitchell,Trump
North Carolina,Chowan,Trump
North Carolina,Pamlico,Trump
North Carolina,Perquimans,Trump
North Carolina,Washington,Clinton
North Carolina,Swain,Trump
North Carolina,Clay,Trump
North Carolina,Gates,Trump
North Carolina,Alleghany,Trump
North Carolina,Jones,Trump
North Carolina,Camden,Trump
North Carolina,Graham,Trump
North Carolina,Hyde,Trump
North Carolina,Tyrrell,Trump
North Dakota,Cass,Trump
North Dakota,Burleigh,Trump
North Dakota,Grand Forks,Trump
North Dakota,Ward,Trump
North Dakota,Morton,Trump
North Dakota,Williams,Trump
North Dakota,Stark,Trump
North Dakota,Stutsman,Trump
North Dakota,Richland,Trump
North Dakota,Barnes,Trump
North Dakota,Ramsey,Trump
North Dakota,McLean,Trump
North Dakota,McKenzie,Trump
North Dakota,Mercer,Trump
North Dakota,Walsh,Trump
North Dakota,Mountrail,Trump
North Dakota,Traill,Trump
North Dakota,Rolette,Clinton
North Dakota,Bottineau,Trump
North Dakota,Pembina,Trump
North Dakota,McHenry,Trump
North Dakota,Dickey,Trump
North Dakota,Wells,Trump
North Dakota,Ransom,Trump
North Dakota,Dunn,Trump
North Dakota,LaMoure,Trump
North Dakota,Pierce,Trump
North Dakota,Sargent,Trump
North Dakota,Cavalier,Trump
North Dakota,Emmons,Trump
North Dakota,Benson,Trump
North Dakota,Bowman,Trump
North Dakota,Foster,Trump
North Dakota,Nelson,Trump
North Dakota,McIntosh,Trump
North Dakota,Grant,Trump
North Dakota,Kidder,Trump
North Dakota,Hettinger,Trump
North Dakota,Renville,Trump
North Dakota,Griggs,Trump
North Dakota,Eddy,Trump
North Dakota,Adams,Trump
North Dakota,Divide,Trump
North Dakota,Sioux,Clinton
North Dakota,Towner,Trump
North Dakota,Burke,Trump
North Dakota,Logan,Trump
North Dakota,Oliver,Trump
North Dakota,Steele,Trump
North Dakota,Golden Valley,Trump
North Dakota,Sheridan,Trump
North Dakota,Billings,Trump
North Dakota,Slope,Trump
Ohio,Cuyahoga,Clinton
Ohio,Franklin,Clinton
Ohio,Hamilton,Clinton
Ohio,Summit,Clinton
Ohio,Montgomery,Trump
Ohio,Lucas,Clinton
Ohio,Stark,Trump
Ohio,Butler,Trump
Ohio,Lorain,Trump
Ohio,Warren,Trump
Ohio,Mahoning,Clinton
Ohio,Lake,Trump
Ohio,Delaware,Trump
Ohio,Clermont,Trump
Ohio,Trumbull,Trump
Ohio,Medina,Trump
Ohio,Greene,Trump
Ohio,Licking,Trump
Ohio,Portage,Trump
Ohio,Fairfield,Trump
Ohio,Wood,Trump
Ohio,Clark,Trump
Ohio,Richland,Trump
Ohio,Miami,Trump
Ohio,Geauga,Trump
Ohio,Wayne,Trump
Ohio,Columbiana,Trump
Ohio,Allen,Trump
Ohio,Tuscarawas,Trump
Ohio,Ashtabula,Trump
Ohio,Erie,Trump
Ohio,Muskingum,Trump
Ohio,Hancock,Trump
Ohio,Jefferson,Trump
Ohio,Belmont,Trump
Ohio,Scioto,Trump
Ohio,Washington,Trump
Ohio,Ross,Trump
Ohio,Athens,Clinton
Ohio,Knox,Trump
Ohio,Sandusky,Trump
Ohio,Union,Trump
Ohio,Lawrence,Trump
Ohio,Marion,Trump
Ohio,Darke,Trump
Ohio,Huron,Trump
Ohio,Ashland,Trump
Ohio,Pickaway,Trump
Ohio,Seneca,Trump
Ohio,Shelby,Trump
Ohio,Auglaize,Trump
Ohio,Ottawa,Trump
Ohio,Mercer,Trump
Ohio,Logan,Trump
Ohio,Fulton,Trump
Ohio,Preble,Trump
Ohio,Brown,Trump
Ohio,Crawford,Trump
Ohio,Putnam,Trump
Ohio,Clinton,Trump
Ohio,Defiance,Trump
Ohio,Champaign,Trump
Ohio,Highland,Trump
Ohio,Williams,Trump
Ohio,Madison,Trump
Ohio,Morrow,Trump
Ohio,Guernsey,Trump
Ohio,Coshocton,Trump
Ohio,Perry,Trump
Ohio,Henry,Trump
Ohio,Van Wert,Trump
Ohio,Jackson,Trump
Ohio,Carroll,Trump
Ohio,Gallia,Trump
Ohio,Hocking,Trump
Ohio,Hardin,Trump
Ohio,Pike,Trump
Ohio,Adams,Trump
Ohio,Holmes,Trump
Ohio,Fayette,Trump
Ohio,Wyandot,Trump
Ohio,Meigs,Trump
Ohio,Paulding,Trump
Ohio,Harrison,Trump
Ohio,Monroe,Trump
Ohio,Morgan,Trump
Ohio,Noble,Trump
Ohio,Vinton,Trump
Oklahoma,Oklahoma,Trump
Oklahoma,Tulsa,Trump
Oklahoma,Cleveland,Trump
Oklahoma,Canadian,Trump
Oklahoma,Rogers,Trump
Oklahoma,Comanche,Trump
Oklahoma,Wagoner,Trump
Oklahoma,Creek,Trump
Oklahoma,Payne,Trump
Oklahoma,Pottawatomie,Trump
Oklahoma,Muskogee,Trump
Oklahoma,Grady,Trump
Oklahoma,Washington,Trump
Oklahoma,Garfield,Trump
Oklahoma,Logan,Trump
Oklahoma,Osage,Trump
Oklahoma,Carter,Trump
Oklahoma,Stephens,Trump
Oklahoma,Pittsburg,Trump
Oklahoma,LeFlore,Trump
Oklahoma,McClain,Trump
Oklahoma,Kay,Trump
Oklahoma,Cherokee,Trump
Oklahoma,Mayes,Trump
Oklahoma,Delaware,Trump
Oklahoma,Pontotoc,Trump
Oklahoma,Sequoyah,Trump
Oklahoma,Lincoln,Trump
Oklahoma,Okmulgee,Trump
Oklahoma,Bryan,Trump
Oklahoma,McCurtain,Trump
Oklahoma,Ottawa,Trump
Oklahoma,Custer,Trump
Oklahoma,Garvin,Trump
Oklahoma,Caddo,Trump
Oklahoma,Seminole,Trump
Oklahoma,McIntosh,Trump
Oklahoma,Jackson,Trump
Oklahoma,Woodward,Trump
Oklahoma,Beckham,Trump
Oklahoma,Adair,Trump
Oklahoma,Pawnee,Trump
Oklahoma,Kingfisher,Trump
Oklahoma,Craig,Trump
Oklahoma,Texas,Trump
Oklahoma,Murray,Trump
Oklahoma,Marshall,Trump
Oklahoma,Choctaw,Trump
Oklahoma,Atoka,Trump
Oklahoma,Noble,Trump
Oklahoma,Haskell,Trump
Oklahoma,Washita,Trump
Oklahoma,Hughes,Trump
Oklahoma,Pushmataha,Trump
Oklahoma,Nowata,Trump
Oklahoma,Latimer,Trump
Oklahoma,Johnston,Trump
Oklahoma,Okfuskee,Trump
Oklahoma,Blaine,Trump
Oklahoma,Love,Trump
Oklahoma,Woods,Trump
Oklahoma,Kiowa,Trump
Oklahoma,Major,Trump
Oklahoma,Tillman,Trump
Oklahoma,Cotton,Trump
Oklahoma,Coal,Trump
Oklahoma,Jefferson,Trump
Oklahoma,Alfalfa,Trump
Oklahoma,Dewey,Trump
Oklahoma,Beaver,Trump
Oklahoma,Grant,Trump
Oklahoma,Greer,Trump
Oklahoma,Ellis,Trump
Oklahoma,Roger Mills,Trump
Oklahoma,Harper,Trump
Oklahoma,Cimarron,Trump
Oklahoma,Harmon,Trump
Oregon,Multnomah,Clinton
Oregon,Washington,Clinton
Oregon,Clackamas,Clinton
Oregon,Lane,Clinton
Oregon,Marion,Trump
Oregon,Jackson,Trump
Oregon,Deschutes,Trump
Oregon,Linn,Trump
Oregon,Douglas,Trump
Oregon,Benton,Clinton
Oregon,Yamhill,Trump
Oregon,Josephine,Trump
Oregon,Polk,Trump
Oregon,Coos,Trump
Oregon,Klamath,Trump
Oregon,Umatilla,Trump
Oregon,Columbia,Trump
Oregon,Lincoln,Clinton
Oregon,Clatsop,Clinton
Oregon,Tillamook,Trump
Oregon,Union,Trump
Oregon,Curry,Trump
Oregon,Crook,Trump
Oregon,Wasco,Trump
Oregon,Hood River,Clinton
Oregon,Malheur,Trump
Oregon,Jefferson,Trump
Oregon,Baker,Trump
Oregon,Wallowa,Trump
Oregon,Grant,Trump
Oregon,Morrow,Trump
Oregon,Harney,Trump
Oregon,Lake,Trump
Oregon,Sherman,Trump
Oregon,Gilliam,Trump
Oregon,Wheeler,Trump
Pennsylvania,Philadelphia,Clinton
Pennsylvania,Allegheny,Clinton
Pennsylvania,Montgomery,Clinton
Pennsylvania,Bucks,Clinton
Pennsylvania,Delaware,Clinton
Pennsylvania,Chester,Clinton
Pennsylvania,Lancaster,Trump
Pennsylvania,York,Trump
Pennsylvania,Westmoreland,Trump
Pennsylvania,Berks,Trump
Pennsylvania,Lehigh,Clinton
Pennsylvania,Northampton,Trump
Pennsylvania,Luzerne,Trump
Pennsylvania,Dauphin,Clinton
Pennsylvania,Erie,Trump
Pennsylvania,Cumberland,Trump
Pennsylvania,Lackawanna,Clinton
Pennsylvania,Washington,Trump
Pennsylvania,Butler,Trump
Pennsylvania,Beaver,Trump
Pennsylvania,Centre,Clinton
Pennsylvania,Franklin,Trump
Pennsylvania,Monroe,Clinton
Pennsylvania,Schuylkill,Trump
Pennsylvania,Cambria,Trump
Pennsylvania,Lebanon,Trump
Pennsylvania,Fayette,Trump
Pennsylvania,Blair,Trump
Pennsylvania,Lycoming,Trump
Pennsylvania,Mercer,Trump
Pennsylvania,Adams,Trump
Pennsylvania,Lawrence,Trump
Pennsylvania,Indiana,Trump
Pennsylvania,Somerset,Trump
Pennsylvania,Crawford,Trump
Pennsylvania,Northumberland,Trump
Pennsylvania,Clearfield,Trump
Pennsylvania,Armstrong,Trump
Pennsylvania,Carbon,Trump
Pennsylvania,Columbia,Trump
Pennsylvania,Pike,Trump
Pennsylvania,Bradford,Trump
Pennsylvania,Bedford,Trump
Pennsylvania,Wayne,Trump
Pennsylvania,Venango,Trump
Pennsylvania,Perry,Trump
Pennsylvania,Huntingdon,Trump
Pennsylvania,Susquehanna,Trump
Pennsylvania,Jefferson,Trump
Pennsylvania,Mifflin,Trump
Pennsylvania,Warren,Trump
Pennsylvania,Clarion,Trump
Pennsylvania,Union,Trump
Pennsylvania,Tioga,Trump
Pennsylvania,Snyder,Trump
Pennsylvania,McKean,Trump
Pennsylvania,Greene,Trump
Pennsylvania,Clinton,Trump
Pennsylvania,Elk,Trump
Pennsylvania,Wyoming,Trump
Pennsylvania,Juniata,Trump
Pennsylvania,Montour,Trump
Pennsylvania,Potter,Trump
Pennsylvania,Fulton,Trump
Pennsylvania,Sullivan,Trump
Pennsylvania,Forest,Trump
Pennsylvania,Cameron,Trump
South Carolina,Greenville,Trump
South Carolina,Charleston,Clinton
South Carolina,Richland,Clinton
South Carolina,Horry,Trump
South Carolina,Lexington,Trump
South Carolina,Spartanburg,Trump
South Carolina,York,Trump
South Carolina,Anderson,Trump
South Carolina,Berkeley,Trump
South Carolina,Aiken,Trump
South Carolina,Beaufort,Trump
South Carolina,Dorchester,Trump
South Carolina,Florence,Trump
South Carolina,Pickens,Trump
South Carolina,Sumter,Clinton
South Carolina,Orangeburg,Clinton
South Carolina,Lancaster,Trump
South Carolina,Oconee,Trump
South Carolina,Georgetown,Trump
South Carolina,Darlington,Trump
South Carolina,Kershaw,Trump
South Carolina,Greenwood,Trump
South Carolina,Laurens,Trump
South Carolina,Cherokee,Trump
South Carolina,Colleton,Trump
South Carolina,Chesterfield,Trump
South Carolina,Newberry,Trump
South Carolina,Clarendon,Clinton
South Carolina,Williamsburg,Clinton
South Carolina,Marion,Clinton
South Carolina,Jasper,Clinton
South Carolina,Chester,Trump
South Carolina,Union,Trump
South Carolina,Dillon,Clinton
South Carolina,Edgefield,Trump
South Carolina,Fairfield,Clinton
South Carolina,Abbeville,Trump
South Carolina,Marlboro,Clinton
South Carolina,Barnwell,Trump
South Carolina,Hampton,Clinton
South Carolina,Saluda,Trump
South Carolina,Lee,Clinton
South Carolina,Calhoun,Trump
South Carolina,Bamberg,Clinton
South Carolina,McCormick,Trump
South Carolina,Allendale,Clinton
South Dakota,Minnehaha,Trump
South Dakota,Pennington,Trump
South Dakota,Lincoln,Trump
South Dakota,Brown,Trump
South Dakota,Brookings,Trump
South Dakota,Lawrence,Trump
South Dakota,Codington,Trump
South Dakota,Meade,Trump
South Dakota,Yankton,Trump
South Dakota,Hughes,Trump
South Dakota,Davison,Trump
South Dakota,Union,Trump
South Dakota,Lake,Trump
South Dakota,Beadle,Trump
South Dakota,Clay,Clinton
South Dakota,Custer,Trump
South Dakota,Butte,Trump
South Dakota,Turner,Trump
South Dakota,Roberts,Trump
South Dakota,Fall River,Trump
South Dakota,Grant,Trump
South Dakota,Charles Mix,Trump
South Dakota,Hutchinson,Trump
South Dakota,Bon Homme,Trump
South Dakota,Spink,Trump
South Dakota,Moody,Trump
South Dakota,Oglala Lakota,Clinton
South Dakota,Hamlin,Trump
South Dakota,Day,Trump
South Dakota,Tripp,Trump
South Dakota,McCook,Trump
South Dakota,Kingsbury,Trump
South Dakota,Walworth,Trump
South Dakota,Brule,Trump
South Dakota,Todd,Clinton
South Dakota,Gregory,Trump
South Dakota,Deuel,Trump
South Dakota,Hanson,Trump
South Dakota,Marshall,Trump
South Dakota,Edmunds,Trump
South Dakota,Hand,Trump
South Dakota,Dewey,Clinton
South Dakota,Clark,Trump
South Dakota,Perkins,Trump
South Dakota,Douglas,Trump
South Dakota,Stanley,Trump
South Dakota,Lyman,Trump
South Dakota,Aurora,Trump
South Dakota,Potter,Trump
South Dakota,Corson,Trump
South Dakota,Bennett,Trump
South Dakota,McPherson,Trump
South Dakota,Sanborn,Trump
South Dakota,Faulk,Trump
South Dakota,Jackson,Trump
South Dakota,Miner,Trump
South Dakota,Haakon,Trump
South Dakota,Jerauld,Trump
South Dakota,Sully,Trump
South Dakota,Campbell,Trump
South Dakota,Harding,Trump
South Dakota,Ziebach,Trump
South Dakota,Hyde,Trump
South Dakota,Mellette,Trump
South Dakota,Jones,Trump
South Dakota,Buffalo,Clinton
Tennessee,Shelby,Clinton
Tennessee,Davidson,Clinton
Tennessee,Knox,Trump
Tennessee,Hamilton,Trump
Tennessee,Rutherford,Trump
Tennessee,Williamson,Trump
Tennessee,Sumner,Trump
Tennessee,Sullivan,Trump
Tennessee,Montgomery,Trump
Tennessee,Wilson,Trump
Tennessee,Blount,Trump
Tennessee,Washington,Trump
Tennessee,Bradley,Trump
Tennessee,Madison,Trump
Tennessee,Sevier,Trump
Tennessee,Maury,Trump
Tennessee,Anderson,Trump
Tennessee,Robertson,Trump
Tennessee,Putnam,Trump
Tennessee,Cumberland,Trump
Tennessee,Greene,Trump
Tennessee,Tipton,Trump
Tennessee,Loudon,Trump
Tennessee,Roane,Trump
Tennessee,Carter,Trump
Tennessee,Hawkins,Trump
Tennessee,Hamblen,Trump
Tennessee,Coffee,Trump
Tennessee,Gibson,Trump
Tennessee,Fayette,Trump
Tennessee,Jefferson,Trump
Tennessee,McMinn,Trump
Tennessee,Dickson,Trump
Tennessee,Monroe,Trump
Tennessee,Franklin,Trump
Tennessee,Cheatham,Trump
Tennessee,Lawrence,Trump
Tennessee,Bedford,Trump
Tennessee,Warren,Trump
Tennessee,Dyer,Trump
Tennessee,Lincoln,Trump
Tennessee,Henry,Trump
Tennessee,Campbell,Trump
Tennessee,Obion,Trump
Tennessee,Weakley,Trump
Tennessee,Cocke,Trump
Tennessee,Marshall,Trump
Tennessee,Giles,Trump
Tennessee,Rhea,Trump
Tennessee,Marion,Trump
Tennessee,Claiborne,Trump
Tennessee,Carroll,Trump
Tennessee,Henderson,Trump
Tennessee,McNairy,Trump
Tennessee,Hardin,Trump
Tennessee,White,Trump
Tennessee,Hardeman,Trump
Tennessee,Lauderdale,Trump
Tennessee,Overton,Trump
Tennessee,Grainger,Trump
Tennessee,Hickman,Trump
Tennessee,Macon,Trump
Tennessee,Smith,Trump
Tennessee,Fentress,Trump
Tennessee,Unicoi,Trump
Tennessee,Humphreys,Trump
Tennessee,Scott,Trump
Tennessee,DeKalb,Trump
Tennessee,Haywood,Clinton
Tennessee,Morgan,Trump
Tennessee,Johnson,Trump
Tennessee,Polk,Trump
Tennessee,Benton,Trump
Tennessee,Union,Trump
Tennessee,Wayne,Trump
Tennessee,Sequatchie,Trump
Tennessee,Crockett,Trump
Tennessee,Cannon,Trump
Tennessee,Stewart,Trump
Tennessee,Chester,Trump
Tennessee,Grundy,Trump
Tennessee,Bledsoe,Trump
Tennessee,Lewis,Trump
Tennessee,Decatur,Trump
Tennessee,Jackson,Trump
Tennessee,Meigs,Trump
Tennessee,Houston,Trump
Tennessee,Trousdale,Trump
Tennessee,Moore,Trump
Tennessee,Clay,Trump
Tennessee,Perry,Trump
Tennessee,Pickett,Trump
Tennessee,Van Buren,Trump
Tennessee,Hancock,Trump
Tennessee,Lake,Trump
Texas,Harris,Clinton
Texas,Dallas,Clinton
Texas,Tarrant,Trump
Texas,Bexar,Clinton
Texas,Travis,Clinton
Texas,Collin,Trump
Texas,Denton,Trump
Texas,Fort Bend,Clinton
Texas,El Paso,Clinton
Texas,Montgomery,Trump
Texas,Williamson,Trump
Texas,Hidalgo,Clinton
Texas,Galveston,Trump
Texas,Brazoria,Trump
Texas,Nueces,Trump
Texas,Lubbock,Trump
Texas,Bell,Trump
Texas,Cameron,Clinton
Texas,Jefferson,Trump
Texas,Smith,Trump
Texas,McLennan,Trump
Texas,Hays,Trump
Texas,Brazos,Trump
Texas,Ellis,Trump
Texas,Comal,Trump
Texas,Johnson,Trump
Texas,Guadalupe,Trump
Texas,Webb,Clinton
Texas,Parker,Trump
Texas,Randall,Trump
Texas,Midland,Trump
Texas,Grayson,Trump
Texas,Taylor,Trump
Texas,Gregg,Trump
Texas,Kaufman,Trump
Texas,Rockwall,Trump
Texas,Tom Green,Trump
Texas,Wichita,Trump
Texas,Ector,Trump
Texas,Bowie,Trump
Texas,Polk,Trump
Texas,Orange,Trump
Texas,Hunt,Trump
Texas,Victoria,Trump
Texas,Angelina,Trump
Texas,Henderson,Trump
Texas,Potter,Trump
Texas,Bastrop,Trump
Texas,Harrison,Trump
Texas,Hood,Trump
Texas,Wise,Trump
Texas,Liberty,Trump
Texas,Kerr,Trump
Texas,Hardin,Trump
Texas,Nacogdoches,Trump
Texas,Van Zandt,Trump
Texas,San Patricio,Trump
Texas,Kendall,Trump
Texas,Walker,Trump
Texas,Wilson,Trump
Texas,Burnet,Trump
Texas,Rusk,Trump
Texas,Wood,Trump
Texas,Lamar,Trump
Texas,Coryell,Trump
Texas,Medina,Trump
Texas,Anderson,Trump
Texas,Waller,Trump
Texas,Cherokee,Trump
Texas,Chambers,Trump
Texas,Navarro,Trump
Texas,Upshur,Trump
Texas,Cooke,Trump
Texas,Washington,Trump
Texas,Wharton,Trump
Texas,Brown,Trump
Texas,Erath,Trump
Texas,Atascosa,Trump
Texas,Maverick,Clinton
Texas,Hopkins,Trump
Texas,Val Verde,Clinton
Texas,Jasper,Trump
Texas,Gillespie,Trump
Texas,Hill,Trump
Texas,Jim Wells,Clinton
Texas,Austin,Trump
Texas,Fannin,Trump
Texas,Matagorda,Trump
Texas,Caldwell,Trump
Texas,Starr,Clinton
Texas,Cass,Trump
Texas,Fayette,Trump
Texas,Aransas,Trump
Texas,Panola,Trump
Texas,Llano,Trump
Texas,San Jacinto,Trump
Texas,Bandera,Trump
Texas,Palo Pinto,Trump
Texas,Grimes,Trump
Texas,Kleberg,Clinton
Texas,Titus,Trump
Texas,Shelby,Trump
Texas,Uvalde,Trump
Texas,Hale,Trump
Texas,Howard,Trump
Texas,La Vaca,Trump
Texas,Milam,Trump
Texas,Montague,Trump
Texas,Colorado,Trump
Texas,Bee,Trump
Texas,Houston,Trump
Texas,Lampasas,Trump
Texas,Hutchinson,Trump
Texas,Tyler,Trump
Texas,Bosque,Trump
Texas,Young,Trump
Texas,Limestone,Trump
Texas,Freestone,Trump
Texas,Leon,Trump
Texas,Gray,Trump
Texas,Hockley,Trump
Texas,Robertson,Trump
Texas,Calhoun,Trump
Texas,Burleson,Trump
Texas,Eastland,Trump
Texas,De Witt,Trump
Texas,Lee,Trump
Texas,Gonzales,Trump
Texas,Trinity,Trump
Texas,Jones,Trump
Texas,Blanco,Trump
Texas,Callahan,Trump
Texas,Jackson,Trump
Texas,Moore,Trump
Texas,Scurry,Trump
Texas,Falls,Trump
Texas,Comanche,Trump
Texas,Red River,Trump
Texas,Willacy,Clinton
Texas,Clay,Trump
Texas,Morris,Trump
Texas,Andrews,Trump
Texas,Nolan,Trump
Texas,Sabine,Trump
Texas,Rains,Trump
Texas,Gaines,Trump
Texas,Camp,Trump
Texas,Franklin,Trump
Texas,Madison,Trump
Texas,Archer,Trump
Texas,Live Oak,Trump
Texas,Brewster,Trump
Texas,Marion,Trump
Texas,Deaf Smith,Trump
Texas,Karnes,Trump
Texas,Pecos,Trump
Texas,Duval,Clinton
Texas,Wilbarger,Trump
Texas,Newton,Trump
Texas,Lamb,Trump
Texas,Somervell,Trump
Texas,Runnels,Trump
Texas,Goliad,Trump
Texas,Coleman,Trump
Texas,Hamilton,Trump
Texas,San Augustine,Trump
Texas,Dawson,Trump
Texas,Stephens,Trump
Texas,Ward,Trump
Texas,Zavala,Clinton
Texas,Jack,Trump
Texas,Dimmit,Clinton
Texas,Reeves,Clinton
Texas,Zapata,Clinton
Texas,McCulloch,Trump
Texas,Ochiltree,Trump
Texas,Carson,Trump
Texas,Refugio,Trump
Texas,Parmer,Trump
Texas,Frio,Clinton
Texas,Brooks,Clinton
Texas,San Saba,Trump
Texas,Wheeler,Trump
Texas,Yoakum,Trump
Texas,Delta,Trump
Texas,Mills,Trump
Texas,Presidio,Clinton
Texas,Mitchell,Trump
Texas,Swisher,Trump
Texas,Jim Hogg,Clinton
Texas,Childress,Trump
Texas,Mason,Trump
Texas,La Salle,Clinton
Texas,Lynn,Trump
Texas,Castro,Trump
Texas,Floyd,Trump
Texas,Hansford,Trump
Texas,Hartley,Trump
Texas,Kimble,Trump
Texas,Winkler,Trump
Texas,Bailey,Trump
Texas,Haskell,Trump
Texas,Terry,Trump
Texas,Martin,Trump
Texas,Fisher,Trump
Texas,Crosby,Trump
Texas,Hemphill,Trump
Texas,Real,Trump
Texas,Dallam,Trump
Texas,Hardeman,Trump
Texas,Shackelford,Trump
Texas,Baylor,Trump
Texas,Garza,Trump
Texas,Donley,Trump
Texas,Kinney,Trump
Texas,Coke,Trump
Texas,Sutton,Trump
Texas,Crockett,Trump
Texas,Crane,Trump
Texas,Knox,Trump
Texas,Lipscomb,Trump
Texas,Upton,Trump
Texas,Jeff Davis,Trump
Texas,Collingsworth,Trump
Texas,Hall,Trump
Texas,Concho,Trump
Texas,Edwards,Trump
Texas,Schleicher,Trump
Texas,Armstrong,Trump
Texas,Oldham,Trump
Texas,Sherman,Trump
Texas,Dickens,Trump
Texas,Cochran,Trump
Texas,Reagan,Trump
Texas,Hudspeth,Trump
Texas,Menard,Trump
Texas,Throckmorton,Trump
Texas,Culberson,Clinton
Texas,Irion,Trump
Texas,Briscoe,Trump
Texas,Stonewall,Trump
Texas,Sterling,Trump
Texas,Motley,Trump
Texas,Glasscock,Trump
Texas,Cottle,Trump
Texas,Roberts,Trump
Texas,Foard,Trump
Texas,McMullen,Trump
Texas,Terrell,Trump
Texas,Kent,Trump
Texas,Borden,Trump
Texas,Kenedy,Clinton
Texas,King,Trump
Texas,Loving,Trump
Utah,Salt Lake,Clinton
Utah,Utah,Trump
Utah,Davis,Trump
Utah,Weber,Trump
Utah,Washington,Trump
Utah,Cache,Trump
Utah,Tooele,Trump
Utah,Box Elder,Trump
Utah,Iron,Trump
Utah,Summit,Clinton
Utah,Uintah,Trump
Utah,Wasatch,Trump
Utah,Sanpete,Trump
Utah,Sevier,Trump
Utah,Carbon,Trump
Utah,Duchesne,Trump
Utah,San Juan,Trump
Utah,Millard,Trump
Utah,Morgan,Trump
Utah,Emery,Trump
Utah,Grand,Trump
Utah,Juab,Trump
Utah,Kane,Trump
Utah,Beaver,Trump
Utah,Garfield,Trump
Utah,Wayne,Trump
Utah,Rich,Trump
Utah,Piute,Trump
Utah,Daggett,Trump
Virginia,Fairfax,Clinton
Virginia,Loudoun,Clinton
Virginia,Chesterfield,Trump
Virginia,Virginia Beach,Trump
Virginia,Henrico,Clinton
Virginia,Prince William,Clinton
Virginia,Arlington,Clinton
Virginia,Chesapeake,Trump
Virginia,Richmond City,Clinton
Virginia,Norfolk,Clinton
Virginia,Alexandria,Clinton
Virginia,Newport News,Clinton
Virginia,Stafford,Trump
Virginia,Hanover,Trump
Virginia,Spotsylvania,Trump
Virginia,Hampton,Clinton
Virginia,Albemarle,Clinton
Virginia,Roanoke,Trump
Virginia,Bedford,Trump
Virginia,Portsmouth,Clinton
Virginia,James City,Trump
Virginia,Montgomery,Clinton
Virginia,Suffolk,Clinton
Virginia,Roanoke City,Clinton
Virginia,Frederick,Trump
Virginia,Fauquier,Trump
Virginia,Augusta,Trump
Virginia,Rockingham,Trump
Virginia,Lynchburg,Trump
Virginia,York,Trump
Virginia,Pittsylvania,Trump
Virginia,Campbell,Trump
Virginia,Franklin,Trump
Virginia,Washington,Trump
Virginia,Henry,Trump
Virginia,Charlottesville,Clinton
Virginia,Culpeper,Trump
Virginia,Isle of Wight,Trump
Virginia,Shenandoah,Trump
Virginia,Gloucester,Trump
Virginia,Danville,Clinton
Virginia,Botetourt,Trump
Virginia,Tazewell,Trump
Virginia,Warren,Trump
Virginia,Harrisonburg,Clinton
Virginia,Louisa,Trump
Virginia,Orange,Trump
Virginia,Halifax,Trump
Virginia,Powhatan,Trump
Virginia,Prince George,Trump
Virginia,Accomack,Trump
Virginia,Manassas,Clinton
Virginia,Mecklenburg,Trump
Virginia,Amherst,Trump
Virginia,Pulaski,Trump
Virginia,Wise,Trump
Virginia,Caroline,Trump
Virginia,Goochland,Trump
Virginia,Petersburg,Clinton
Virginia,Carroll,Trump
Virginia,Dinwiddie,Trump
Virginia,Fluvanna,Trump
Virginia,Wythe,Trump
Virginia,Smyth,Trump
Virginia,Russell,Trump
Virginia,New Kent,Trump
Virginia,Salem,Trump
Virginia,King George,Trump
Virginia,Fairfax City,Clinton
Virginia,Staunton,Clinton
Virginia,Fredericksburg,Clinton
Virginia,Rockbridge,Trump
Virginia,Page,Trump
Virginia,Winchester,Clinton
Virginia,Scott,Trump
Virginia,Greene,Trump
Virginia,Lee,Trump
Virginia,Buchanan,Trump
Virginia,Waynesboro,Trump
Virginia,Prince Edward,Clinton
Virginia,King William,Trump
Virginia,Hopewell,Clinton
Virginia,Southampton,Trump
Virginia,Patrick,Trump
Virginia,Colonial Heights,Trump
Virginia,Westmoreland,Trump
Virginia,Nelson,Trump
Virginia,Giles,Trump
Virginia,Northumberland,Trump
Virginia,Clarke,Trump
Virginia,Floyd,Trump
Virginia,Appomattox,Trump
Virginia,Falls Church,Clinton
Virginia,Brunswick,Clinton
Virginia,Williamsburg,Clinton
Virginia,Alleghany,Trump
Virginia,Buckingham,Trump
Virginia,Grayson,Trump
Virginia,Poquoson,Trump
Virginia,Amelia,Trump
Virginia,Bristol,Trump
Virginia,Madison,Trump
Virginia,Nottoway,Trump
Virginia,Lancaster,Trump
Virginia,Dickenson,Trump
Virginia,Northampton,Clinton
Virginia,Radford,Clinton
Virginia,Middlesex,Trump
Virginia,Martinsville,Clinton
Virginia,Charlotte,Trump
Virginia,Lunenburg,Trump
Virginia,Essex,Trump
Virginia,Mathews,Trump
Virginia,Manassas Park,Clinton
Virginia,Sussex,Clinton
Virginia,Cumberland,Trump
Virginia,Rappahannock,Trump
Virginia,Greensville,Clinton
Virginia,Franklin City,Clinton
Virginia,Surry,Clinton
Virginia,Charles City,Clinton
Virginia,Richmond,Trump
Virginia,King and Queen,Trump
Virginia,Bland,Trump
Virginia,Craig,Trump
Virginia,Lexington,Clinton
Virginia,Buena Vista,Trump
Virginia,Covington,Trump
Virginia,Emporia,Clinton
Virginia,Galax,Trump
Virginia,Bath,Trump
Virginia,Norton,Trump
Virginia,Highland,Trump
Washington,King,Clinton
Washington,Pierce,Clinton
Washington,Snohomish,Clinton
Washington,Spokane,Trump
Washington,Clark,Clinton
Washington,Thurston,Clinton
Washington,Kitsap,Clinton
Washington,Whatcom,Clinton
Washington,Yakima,Trump
Washington,Benton,Trump
Washington,Skagit,Clinton
Washington,Cowlitz,Trump
Washington,Island,Clinton
Washington,Clallam,Clinton
Washington,Lewis,Trump
Washington,Chelan,Trump
Washington,Grays Harbor,Trump
Washington,Mason,Trump
Washington,Grant,Trump
Washington,Franklin,Trump
Washington,Walla Walla,Trump
Washington,Whitman,Clinton
Washington,Stevens,Trump
Washington,Jefferson,Clinton
Washington,Kittitas,Trump
Washington,Okanogan,Trump
Washington,Douglas,Trump
Washington,Asotin,Trump
Washington,San Juan,Clinton
Washington,Pacific,Trump
Washington,Klickitat,Trump
Washington,Pend Oreille,Trump
Washington,Lincoln,Trump
Washington,Adams,Trump
Washington,Skamania,Trump
Washington,Ferry,Trump
Washington,Garfield,Trump
Washington,Wahkiakum,Trump
Washington,Columbia,Trump
West Virginia,Kanawha,Trump
West Virginia,Berkeley,Trump
West Virginia,Monongalia,Trump
West Virginia,Wood,Trump
West Virginia,Cabell,Trump
West Virginia,Raleigh,Trump
West Virginia,Harrison,Trump
West Virginia,Putnam,Trump
West Virginia,Jefferson,Trump
West Virginia,Mercer,Trump
West Virginia,Marion,Trump
West Virginia,Ohio,Trump
West Virginia,Fayette,Trump
West Virginia,Wayne,Trump
West Virginia,Greenbrier,Trump
West Virginia,Marshall,Trump
West Virginia,Hancock,Trump
West Virginia,Preston,Trump
West Virginia,Logan,Trump
West Virginia,Jackson,Trump
West Virginia,Mineral,Trump
West Virginia,Randolph,Trump
West Virginia,Mason,Trump
West Virginia,Brooke,Trump
West Virginia,Mingo,Trump
West Virginia,Nicholas,Trump
West Virginia,Upshur,Trump
West Virginia,Boone,Trump
West Virginia,Hampshire,Trump
West Virginia,Wyoming,Trump
West Virginia,Morgan,Trump
West Virginia,Lincoln,Trump
West Virginia,Lewis,Trump
West Virginia,Taylor,Trump
West Virginia,Wetzel,Trump
West Virginia,McDowell,Trump
West Virginia,Barbour,Trump
West Virginia,Hardy,Trump
West Virginia,Monroe,Trump
West Virginia,Roane,Trump
West Virginia,Braxton,Trump
West Virginia,Grant,Trump
West Virginia,Summers,Trump
West Virginia,Ritchie,Trump
West Virginia,Tyler,Trump
West Virginia,Pocahontas,Trump
West Virginia,Tucker,Trump
West Virginia,Pendleton,Trump
West Virginia,Pleasants,Trump
West Virginia,Clay,Trump
West Virginia,Webster,Trump
West Virginia,Doddridge,Trump
West Virginia,Calhoun,Trump
West Virginia,Gilmer,Trump
West Virginia,Wirt,Trump
Wisconsin,Milwaukee,Clinton
Wisconsin,Dane,Clinton
Wisconsin,Waukesha,Trump
Wisconsin,Brown,Trump
Wisconsin,Outagamie,Trump
Wisconsin,Racine,Trump
Wisconsin,Winnebago,Trump
Wisconsin,Washington,Trump
Wisconsin,Kenosha,Trump
Wisconsin,Rock,Clinton
Wisconsin,Marathon,Trump
Wisconsin,La Crosse,Clinton
Wisconsin,Sheboygan,Trump
Wisconsin,Eau Claire,Clinton
Wisconsin,Ozaukee,Trump
Wisconsin,Fond du Lac,Trump
Wisconsin,Walworth,Trump
Wisconsin,St. Croix,Trump
Wisconsin,Dodge,Trump
Wisconsin,Jefferson,Trump
Wisconsin,Manitowoc,Trump
Wisconsin,Portage,Clinton
Wisconsin,Wood,Trump
Wisconsin,Sauk,Clinton
Wisconsin,Chippewa,Trump
Wisconsin,Columbia,Trump
Wisconsin,Calumet,Trump
Wisconsin,Waupaca,Trump
Wisconsin,Grant,Trump
Wisconsin,Polk,Trump
Wisconsin,Barron,Trump
Wisconsin,Douglas,Clinton
Wisconsin,Dunn,Trump
Wisconsin,Pierce,Trump
Wisconsin,Oneida,Trump
Wisconsin,Marinette,Trump
Wisconsin,Oconto,Trump
Wisconsin,Shawano,Trump
Wisconsin,Monroe,Trump
Wisconsin,Green,Clinton
Wisconsin,Door,Trump
Wisconsin,Lincoln,Trump
Wisconsin,Vernon,Trump
Wisconsin,Trempealeau,Trump
Wisconsin,Clark,Trump
Wisconsin,Vilas,Trump
Wisconsin,Iowa,Clinton
Wisconsin,Waushara,Trump
Wisconsin,Juneau,Trump
Wisconsin,Kewaunee,Trump
Wisconsin,Adams,Trump
Wisconsin,Langlade,Trump
Wisconsin,Bayfield,Clinton
Wisconsin,Taylor,Trump
Wisconsin,Green Lake,Trump
Wisconsin,Jackson,Trump
Wisconsin,Washburn,Trump
Wisconsin,Burnett,Trump
Wisconsin,Richland,Trump
Wisconsin,Ashland,Clinton
Wisconsin,Marquette,Trump
Wisconsin,Sawyer,Trump
Wisconsin,Crawford,Trump
Wisconsin,Lafayette,Trump
Wisconsin,Price,Trump
Wisconsin,Rusk,Trump
Wisconsin,Buffalo,Trump
Wisconsin,Forest,Trump
Wisconsin,Pepin,Trump
Wisconsin,Iron,Trump
Wisconsin,Florence,Trump
Wisconsin,Menominee,Clinton
Wyoming,Laramie,Trump
Wyoming,Natrona,Trump
Wyoming,Campbell,Trump
Wyoming,Sweetwater,Trump
Wyoming,Fremont,Trump
Wyoming,Albany,Trump
Wyoming,Park,Trump
Wyoming,Sheridan,Trump
Wyoming,Teton,Clinton
Wyoming,Lincoln,Trump
Wyoming,Uinta,Trump
Wyoming,Converse,Trump
Wyoming,Carbon,Trump
Wyoming,Goshen,Trump
Wyoming,Big Horn,Trump
Wyoming,Platte,Trump
Wyoming,Johnson,Trump
Wyoming,Sublette,Trump
Wyoming,Crook,Trump
Wyoming,Washakie,Trump
Wyoming,Weston,Trump
Wyoming,Hot Springs,Trump
Wyoming,Niobrara,Trump
